{
  "format": "repo-standards/run/v2",
  "observations": [
    {
      "phase": "agent",
      "scope": {
        "docs": {
          "paths": [
            "apps/new/README.md"
          ],
          "directories": []
        }
      },
      "before": {
        "files": {
          ".agents/skills/adopt-standards/SKILL.md": {
            "type": "file",
            "sha256": "6508d7acca0ced142bb198b85b8fd194d71901b35bb865f21e4ea9c3ea52fd54",
            "executable": false
          },
          "AGENTS.md": {
            "type": "file",
            "sha256": "0c1116331d2e29d508131a934726e3c5c2ce2b212ce56fe5db1868ee9e60a7c0",
            "executable": false
          },
          "apps/amended/README.md": {
            "type": "file",
            "sha256": "b72edd666e4d2c708244bdd0ae1d57c0deeb0200398c9015179efb77d03f4ab0",
            "executable": false
          },
          "apps/new/README.md": {
            "type": "file",
            "sha256": "46ce5a50190f80e4470f4e06cce09fc10ef1ee52b04c5f658da257adec7c2cbe",
            "executable": false
          },
          "apps/old/README.md": {
            "type": "file",
            "sha256": "961e4d9b5985381d411330a903a979e425485c180cc1869cfb0a06efc145511a",
            "executable": false
          },
          "standards.yaml": {
            "type": "file",
            "sha256": "e3b0c44298fc1c149afbf4c8996fb92427ae41e4649b934ca495991b7852b855",
            "executable": false
          }
        },
        "boundaries": {
          ".": {
            "type": "directory",
            "mode": 448
          },
          ".agents": {
            "type": "directory",
            "mode": 448
          },
          ".agents/skills": {
            "type": "directory",
            "mode": 448
          },
          ".agents/skills/adopt-standards": {
            "type": "directory",
            "mode": 448
          },
          "apps": {
            "type": "directory",
            "mode": 448
          },
          "apps/amended": {
            "type": "directory",
            "mode": 448
          },
          "apps/new": {
            "type": "directory",
            "mode": 448
          },
          "apps/old": {
            "type": "directory",
            "mode": 448
          }
        },
        "settings": {
          "core.ignorecase": null,
          "core.precomposeunicode": null,
          "core.filemode": "true",
          "core.symlinks": null,
          "core.sparsecheckout": null,
          "core.sparsecheckoutcone": null
        },
        "ignores": {
          "global": {
            "location": "/home/agents/.config/git/ignore",
            "state": {
              "type": "missing"
            }
          },
          "info": {
            "location": "/tmp/repo-standards-source-LSYWhf/.git/info/exclude",
            "state": {
              "type": "file",
              "sha256": "6671fe83b7a07c8932ee89164d1f2793b2318058eb8b98dc5c06ee0a5a3b0ec1",
              "executable": false
            }
          },
          ".gitignore": {
            "location": ".gitignore",
            "state": {
              "type": "missing"
            }
          },
          ".agents/.gitignore": {
            "location": ".agents/.gitignore",
            "state": {
              "type": "missing"
            }
          },
          ".agents/skills/.gitignore": {
            "location": ".agents/skills/.gitignore",
            "state": {
              "type": "missing"
            }
          },
          ".agents/skills/adopt-standards/.gitignore": {
            "location": ".agents/skills/adopt-standards/.gitignore",
            "state": {
              "type": "missing"
            }
          },
          "apps/.gitignore": {
            "location": "apps/.gitignore",
            "state": {
              "type": "missing"
            }
          },
          "apps/amended/.gitignore": {
            "location": "apps/amended/.gitignore",
            "state": {
              "type": "missing"
            }
          },
          "apps/new/.gitignore": {
            "location": "apps/new/.gitignore",
            "state": {
              "type": "missing"
            }
          },
          "apps/old/.gitignore": {
            "location": "apps/old/.gitignore",
            "state": {
              "type": "missing"
            }
          }
        }
      },
      "after": {
        "files": {
          ".agents/skills/adopt-standards/SKILL.md": {
            "type": "file",
            "sha256": "6508d7acca0ced142bb198b85b8fd194d71901b35bb865f21e4ea9c3ea52fd54",
            "executable": false
          },
          "AGENTS.md": {
            "type": "file",
            "sha256": "0c1116331d2e29d508131a934726e3c5c2ce2b212ce56fe5db1868ee9e60a7c0",
            "executable": false
          },
          "apps/amended/README.md": {
            "type": "file",
            "sha256": "b72edd666e4d2c708244bdd0ae1d57c0deeb0200398c9015179efb77d03f4ab0",
            "executable": false
          },
          "apps/new/README.md": {
            "type": "file",
            "sha256": "46ce5a50190f80e4470f4e06cce09fc10ef1ee52b04c5f658da257adec7c2cbe",
            "executable": false
          },
          "apps/old/README.md": {
            "type": "file",
            "sha256": "961e4d9b5985381d411330a903a979e425485c180cc1869cfb0a06efc145511a",
            "executable": false
          },
          "standards.yaml": {
            "type": "file",
            "sha256": "e3b0c44298fc1c149afbf4c8996fb92427ae41e4649b934ca495991b7852b855",
            "executable": false
          }
        },
        "boundaries": {
          ".": {
            "type": "directory",
            "mode": 448
          },
          ".agents": {
            "type": "directory",
            "mode": 448
          },
          ".agents/skills": {
            "type": "directory",
            "mode": 448
          },
          ".agents/skills/adopt-standards": {
            "type": "directory",
            "mode": 448
          },
          "apps": {
            "type": "directory",
            "mode": 448
          },
          "apps/amended": {
            "type": "directory",
            "mode": 448
          },
          "apps/new": {
            "type": "directory",
            "mode": 448
          },
          "apps/old": {
            "type": "directory",
            "mode": 448
          }
        },
        "settings": {
          "core.ignorecase": null,
          "core.precomposeunicode": null,
          "core.filemode": "true",
          "core.symlinks": null,
          "core.sparsecheckout": null,
          "core.sparsecheckoutcone": null
        },
        "ignores": {
          "global": {
            "location": "/home/agents/.config/git/ignore",
            "state": {
              "type": "missing"
            }
          },
          "info": {
            "location": "/tmp/repo-standards-source-LSYWhf/.git/info/exclude",
            "state": {
              "type": "file",
              "sha256": "6671fe83b7a07c8932ee89164d1f2793b2318058eb8b98dc5c06ee0a5a3b0ec1",
              "executable": false
            }
          },
          ".gitignore": {
            "location": ".gitignore",
            "state": {
              "type": "missing"
            }
          },
          ".agents/.gitignore": {
            "location": ".agents/.gitignore",
            "state": {
              "type": "missing"
            }
          },
          ".agents/skills/.gitignore": {
            "location": ".agents/skills/.gitignore",
            "state": {
              "type": "missing"
            }
          },
          ".agents/skills/adopt-standards/.gitignore": {
            "location": ".agents/skills/adopt-standards/.gitignore",
            "state": {
              "type": "missing"
            }
          },
          "apps/.gitignore": {
            "location": "apps/.gitignore",
            "state": {
              "type": "missing"
            }
          },
          "apps/amended/.gitignore": {
            "location": "apps/amended/.gitignore",
            "state": {
              "type": "missing"
            }
          },
          "apps/new/.gitignore": {
            "location": "apps/new/.gitignore",
            "state": {
              "type": "missing"
            }
          },
          "apps/old/.gitignore": {
            "location": "apps/old/.gitignore",
            "state": {
              "type": "missing"
            }
          }
        }
      },
      "changedPaths": [],
      "boundaryChanges": [],
      "violations": []
    },
    {
      "phase": "agent",
      "scope": {
        "docs": {
          "paths": [
            "apps/new/README.md"
          ],
          "directories": []
        }
      },
      "before": {
        "files": {
          ".agents/skills/adopt-standards/SKILL.md": {
            "type": "file",
            "sha256": "6508d7acca0ced142bb198b85b8fd194d71901b35bb865f21e4ea9c3ea52fd54",
            "executable": false
          },
          "AGENTS.md": {
            "type": "file",
            "sha256": "0c1116331d2e29d508131a934726e3c5c2ce2b212ce56fe5db1868ee9e60a7c0",
            "executable": false
          },
          "apps/amended/README.md": {
            "type": "file",
            "sha256": "b72edd666e4d2c708244bdd0ae1d57c0deeb0200398c9015179efb77d03f4ab0",
            "executable": false
          },
          "apps/new/README.md": {
            "type": "file",
            "sha256": "46ce5a50190f80e4470f4e06cce09fc10ef1ee52b04c5f658da257adec7c2cbe",
            "executable": false
          },
          "apps/old/README.md": {
            "type": "file",
            "sha256": "961e4d9b5985381d411330a903a979e425485c180cc1869cfb0a06efc145511a",
            "executable": false
          },
          "standards.yaml": {
            "type": "file",
            "sha256": "e3b0c44298fc1c149afbf4c8996fb92427ae41e4649b934ca495991b7852b855",
            "executable": false
          }
        },
        "boundaries": {
          ".": {
            "type": "directory",
            "mode": 448
          },
          ".agents": {
            "type": "directory",
            "mode": 448
          },
          ".agents/skills": {
            "type": "directory",
            "mode": 448
          },
          ".agents/skills/adopt-standards": {
            "type": "directory",
            "mode": 448
          },
          "apps": {
            "type": "directory",
            "mode": 448
          },
          "apps/amended": {
            "type": "directory",
            "mode": 448
          },
          "apps/new": {
            "type": "directory",
            "mode": 448
          },
          "apps/old": {
            "type": "directory",
            "mode": 448
          }
        },
        "settings": {
          "core.ignorecase": null,
          "core.precomposeunicode": null,
          "core.filemode": "true",
          "core.symlinks": null,
          "core.sparsecheckout": null,
          "core.sparsecheckoutcone": null
        },
        "ignores": {
          "global": {
            "location": "/home/agents/.config/git/ignore",
            "state": {
              "type": "missing"
            }
          },
          "info": {
            "location": "/tmp/repo-standards-source-LSYWhf/.git/info/exclude",
            "state": {
              "type": "file",
              "sha256": "6671fe83b7a07c8932ee89164d1f2793b2318058eb8b98dc5c06ee0a5a3b0ec1",
              "executable": false
            }
          },
          ".gitignore": {
            "location": ".gitignore",
            "state": {
              "type": "missing"
            }
          },
          ".agents/.gitignore": {
            "location": ".agents/.gitignore",
            "state": {
              "type": "missing"
            }
          },
          ".agents/skills/.gitignore": {
            "location": ".agents/skills/.gitignore",
            "state": {
              "type": "missing"
            }
          },
          ".agents/skills/adopt-standards/.gitignore": {
            "location": ".agents/skills/adopt-standards/.gitignore",
            "state": {
              "type": "missing"
            }
          },
          "apps/.gitignore": {
            "location": "apps/.gitignore",
            "state": {
              "type": "missing"
            }
          },
          "apps/amended/.gitignore": {
            "location": "apps/amended/.gitignore",
            "state": {
              "type": "missing"
            }
          },
          "apps/new/.gitignore": {
            "location": "apps/new/.gitignore",
            "state": {
              "type": "missing"
            }
          },
          "apps/old/.gitignore": {
            "location": "apps/old/.gitignore",
            "state": {
              "type": "missing"
            }
          }
        }
      },
      "after": {
        "files": {
          ".agents/skills/adopt-standards/SKILL.md": {
            "type": "file",
            "sha256": "6508d7acca0ced142bb198b85b8fd194d71901b35bb865f21e4ea9c3ea52fd54",
            "executable": false
          },
          "AGENTS.md": {
            "type": "file",
            "sha256": "0c1116331d2e29d508131a934726e3c5c2ce2b212ce56fe5db1868ee9e60a7c0",
            "executable": false
          },
          "apps/amended/README.md": {
            "type": "file",
            "sha256": "b72edd666e4d2c708244bdd0ae1d57c0deeb0200398c9015179efb77d03f4ab0",
            "executable": false
          },
          "apps/new/README.md": {
            "type": "file",
            "sha256": "46ce5a50190f80e4470f4e06cce09fc10ef1ee52b04c5f658da257adec7c2cbe",
            "executable": false
          },
          "apps/old/README.md": {
            "type": "file",
            "sha256": "961e4d9b5985381d411330a903a979e425485c180cc1869cfb0a06efc145511a",
            "executable": false
          },
          "standards.yaml": {
            "type": "file",
            "sha256": "e3b0c44298fc1c149afbf4c8996fb92427ae41e4649b934ca495991b7852b855",
            "executable": false
          }
        },
        "boundaries": {
          ".": {
            "type": "directory",
            "mode": 448
          },
          ".agents": {
            "type": "directory",
            "mode": 448
          },
          ".agents/skills": {
            "type": "directory",
            "mode": 448
          },
          ".agents/skills/adopt-standards": {
            "type": "directory",
            "mode": 448
          },
          "apps": {
            "type": "directory",
            "mode": 448
          },
          "apps/amended": {
            "type": "directory",
            "mode": 448
          },
          "apps/new": {
            "type": "directory",
            "mode": 448
          },
          "apps/old": {
            "type": "directory",
            "mode": 448
          }
        },
        "settings": {
          "core.ignorecase": null,
          "core.precomposeunicode": null,
          "core.filemode": "true",
          "core.symlinks": null,
          "core.sparsecheckout": null,
          "core.sparsecheckoutcone": null
        },
        "ignores": {
          "global": {
            "location": "/home/agents/.config/git/ignore",
            "state": {
              "type": "missing"
            }
          },
          "info": {
            "location": "/tmp/repo-standards-source-LSYWhf/.git/info/exclude",
            "state": {
              "type": "file",
              "sha256": "6671fe83b7a07c8932ee89164d1f2793b2318058eb8b98dc5c06ee0a5a3b0ec1",
              "executable": false
            }
          },
          ".gitignore": {
            "location": ".gitignore",
            "state": {
              "type": "missing"
            }
          },
          ".agents/.gitignore": {
            "location": ".agents/.gitignore",
            "state": {
              "type": "missing"
            }
          },
          ".agents/skills/.gitignore": {
            "location": ".agents/skills/.gitignore",
            "state": {
              "type": "missing"
            }
          },
          ".agents/skills/adopt-standards/.gitignore": {
            "location": ".agents/skills/adopt-standards/.gitignore",
            "state": {
              "type": "missing"
            }
          },
          "apps/.gitignore": {
            "location": "apps/.gitignore",
            "state": {
              "type": "missing"
            }
          },
          "apps/amended/.gitignore": {
            "location": "apps/amended/.gitignore",
            "state": {
              "type": "missing"
            }
          },
          "apps/new/.gitignore": {
            "location": "apps/new/.gitignore",
            "state": {
              "type": "missing"
            }
          },
          "apps/old/.gitignore": {
            "location": "apps/old/.gitignore",
            "state": {
              "type": "missing"
            }
          }
        }
      },
      "changedPaths": [],
      "boundaryChanges": [],
      "violations": []
    }
  ],
  "id": "6d49b398-fa15-4697-a709-49bdce887608",
  "inspection": "sha256:fa120d203b709eff18687cf045ac966a186d0cff618960d02ed9e903821dbdc2",
  "selection": {
    "cli": {
      "package": "@lutzseverino/repo-standards",
      "version": "1.2.1"
    },
    "standards": {
      "repository": "https://github.com/alice/standards",
      "version": "v1.0.0",
      "commit": "c9dea004eebff677f316adffcc2b19cc561e8f15"
    },
    "profile": "work"
  },
  "startInput": {
    "kind": "retained",
    "project": "/tmp/repo-standards-source-LSYWhf",
    "scope": "/tmp/repo-standards-published-1.2.1-q5W0Hb/run2-scope.json",
    "readopt": true
  },
  "previousComplete": {
    "selection": {
      "cli": {
        "package": "@lutzseverino/repo-standards",
        "version": "1.2.1"
      },
      "standards": {
        "repository": "https://github.com/alice/standards",
        "version": "v1.0.0",
        "commit": "c9dea004eebff677f316adffcc2b19cc561e8f15"
      },
      "profile": "work"
    },
    "lastComplete": {
      "run": "3f6923b5-1f4e-4aeb-91af-3fc642bd7035",
      "inspection": "sha256:6ee8ca96bdbb3ec3b3a2b3f4064727b0c79e8fad305347e478299186baa10d00",
      "completedAt": "2026-09-14T08:21:00.156Z",
      "head": "4332686c953b274b93b55aeb458bd748e75109ce"
    }
  },
  "affected": {
    "apps/new/README.md": {
      "type": "file",
      "sha256": "46ce5a50190f80e4470f4e06cce09fc10ef1ee52b04c5f658da257adec7c2cbe",
      "executable": false,
      "encoding": "utf8",
      "content": "# New project\n"
    },
    "AGENTS.md": {
      "type": "file",
      "sha256": "0c1116331d2e29d508131a934726e3c5c2ce2b212ce56fe5db1868ee9e60a7c0",
      "executable": false,
      "encoding": "utf8",
      "content": "Pinned instructions\n"
    },
    ".agents/skills/adopt-standards": {
      "type": "directory",
      "entries": {
        "SKILL.md": {
          "type": "file",
          "sha256": "6508d7acca0ced142bb198b85b8fd194d71901b35bb865f21e4ea9c3ea52fd54",
          "executable": false,
          "encoding": "utf8",
          "content": "---\nname: adopt-standards\ndescription: Guide confirmed Repository Standards discovery, adoption, contextual work, updates, and recovery.\ndisable-model-invocation: true\n---\n\n## Choose the CLI and route\n\nWork from the adopting project's Git root. Use its pinned executable at\n`.repo-standards/runtime/node_modules/.bin/repo-standards`. If dependencies are\nabsent, restore them with `npm ci --ignore-scripts --prefix .repo-standards/runtime`.\nRead `status --json` for pins, active progress and historical evidence.\n\nFor initial adoption, use an externally installed exact CLI and read its\n`docs/inspection.md` for acquisition. The bootstrap performs inspection only;\nkeep that disclosed exact version installed outside the project for `start`\nand recovery. Read protocol documents below from that CLI's package directory\nuntil the project runtime exists. Thereafter the document root is\n`.repo-standards/runtime/node_modules/@lutzseverino/repo-standards/docs/`.\n\n- **Active run:** inspect `active.phase`, `reason`, `changes`, `completed`,\n  `uncertain`, `nextAction` and `execution`. Wait while execution is active.\n  An ordinary contextual handoff continues at Contextual work below.\n  When more files are needed, read\n  `inspection.md#preview-scope-amendments-in-an-active-run` and use\n  `inspect --amend-scope` to obtain current evidence, then preview one complete\n  additions-only proposal with `--scope`. Present its complete identity, changes,\n  operations, prior work and evidence; after explicit maintainer confirmation,\n  accept it with `resume --amend-scope --scope <file> --confirm <identity> --json`.\n  Do not edit added paths before acceptance. The command replays fixes and\n  requires a fresh contextual assessment and checks. Scope withdrawal remains a\n  reconciliation path outside the active run.\n  For interrupted installation, failed/uncertain scripts, or abandonment, read\n  `adoption.md#recover-or-abandon-an-interrupted-run` before acting. Obtain an\n  explicit retry instruction before `resume --retry --json`, or an abandonment\n  instruction before `abandon --json`. Retry repeats trusted fixes and requires\n  renewed assessment. Use the run's exact external CLI if the local runtime is\n  unusable. Preserve progress records and partial changes.\n- **Existing complete adoption:** `inspect --json` with the pinned CLI inspects\n  retained current standards read-only, including when the source is unavailable.\n  When the maintainer deliberately requests unchanged standards to cover new\n  repository content, read `adoption.md#re-adopt-unchanged-standards`. Use the\n  pinned CLI for `inspect --readopt --json`, review and confirm that distinct\n  action, then use `start --readopt --confirm <identity> --json`. Do not present\n  re-adoption as an update, retry, resume, or automatic compliance repair.\n  For a requested standards or CLI update, read\n  `adoption.md#update-one-pin-at-a-time` for candidate acquisition and commands.\n  Change one pin, keeping source and profile. Use the pinned CLI for a standards\n  update and the external candidate CLI for a CLI update. Historical discovered\n  scope explains prior authorization; it does not prove current coverage.\n  Every active v2 discovery declaration needs a fresh proposal for re-adoption or\n  either update, even when the original source is unavailable for retained work.\n  Eligible active discovery runs can confirm additions through the amendment\n  workflow below.\n- **Initial adoption:** obtain the public GitHub source, stable standards tag\n  and complete profile from the maintainer, then inspect that selection.\n\n## Inspect and confirm\n\n1. Run `inspect --source <URL> --standards-version <tag> --profile <name> --json`\n   for initial adoption or a standards update. For a CLI update, run the exact\n   candidate's `inspect --json` without source flags to use retained standards.\n   For explicit unchanged re-adoption, run the pinned project's\n   `inspect --readopt --json` without source, version, or profile flags.\n   Store reports outside the project. Read `inspection.md` when interpreting\n   fields, blockers, or acquisition errors. If discovery is required, read\n   `inspection.md#discover-contextual-file-scope-v2-sources` and each discovery\n   guidance file. Inspect eligible evidence in the real repository, explain\n   candidate inclusion/exclusion and membership for missing READMEs, and resolve\n   membership questions with the maintainer. Enumerate individual existing files,\n   planned destinations, directory introductions, and link-repair files around\n   exact-owned content. Prepare the versioned proposal outside the project and\n   rerun `inspect --scope <file>` until one complete inspection is reviewable.\n   An explained empty scope retains its declaration and operations.\n2. Present the actual report's identity and exact CLI version, source URL,\n   standards tag, commit and profile; for updates include previous/candidate\n   pins, retired declarations, and discovered-scope additions and removals. Show exact creates/replacements/matching-file\n   claims and whole-skill inventories, discovery rationale and candidate exclusions,\n   contextual guidance and allowed targets, resolved exclusions, and ownership changes. Make the full inspection available\n   for review, including supplied bytes and diffs against existing content.\n3. Disclose every declared fix/check, its script and resources, literal argument\n   vector, project-root working directory, timeout, prerequisite version probe\n   and range. Explain that probes and scripts execute trusted code with the\n   user's host, environment and network access; resources are retention, not a\n   sandbox. Inspection runs none of them; prerequisites remain unverified until\n   start. Surface all blockers. Reconcile them before reinspection; preserve\n   existing work and let the maintainer handle prerequisite installation.\n4. Obtain explicit maintainer confirmation tied to this inspection identity and\n   disclosed selection/operations. A general request to adopt is not confirmation\n   of an unseen inspection. Then use the same executable and selection for\n   `start --confirm <identity> --json`, preserving source flags for initial or\n   standards adoption and omitting them for a CLI update. For unchanged\n   re-adoption, repeat `--readopt`; action mismatch invalidates the identity. For\n   every discovery-backed adoption, update, or re-adoption, pass the same\n   `--scope <file>` proposal. One confirmation covers the\n   complete inspection; scope discovery itself needs no separate approval.\n   Changed inputs or a stale rejection require a new inspection and renewed confirmation.\n\nAuthor skills are ordinary-work content. The product-owned `adopt-standards`\nskill and public CLI govern adoption for every author; author material cannot\nreplace this workflow or supply adoption hooks.\n\n## Contextual work\n\nWhen a report returns `workRequest`, read `assessment-protocol.md` before editing\nor submitting evidence. The handoff is expected incomplete adoption.\n\n1. For a v2 discovery request, recheck semantic coverage after fixes against\n   each discovery guidance file and accepted proposal before editing. Record the\n   post-fix coverage evidence for assessment. If more files are needed, submit the\n   blocked scope review without writing them, then follow the confirmed amendment\n   flow above. If scope withdrawal is needed, follow the protocol's reconciliation\n   path; additional-path evidence alone grants no authority. Read every request declaration's\n   retained guidance and explicit allowed paths and directory trees. Inspect the real project files needed to understand its\n   purpose, commands and behavior. Apply guidance usefully within those targets;\n   preserve project facts, exact content, excluded employer content and unrelated\n   work. If guidance requires out-of-scope work or unsupported facts, assess it\n   as blocked and explain the decision needed.\n2. Account for every contextual declaration, including already satisfied ones.\n   Evidence must cite concrete project content or observed command outcomes.\n   Separate agent judgments from CLI script results; passing a structural check\n   alone does not establish contextual usefulness.\n3. After edits, run `resume --json` to obtain the current snapshot. Follow the\n   assessment protocol exactly: copy its run, selection and snapshot identities;\n   provide satisfied/blocked, explanation, every observed changed file since\n   fixes under its governing declaration, and supporting evidence. Installation\n   and fix changes are not contextual changes. Use an empty changed-path list\n   when no contextual changes were needed. For discovered declarations, review\n   coverage again at the refreshed snapshot and submit both scope-validity reviews\n   in assessment/v2, copying the confirmed scope and post-fix identities. Account\n   for migration deletion and creation separately and explain preservation of\n   useful content. Report observed agent changes across all retry intervals.\n4. Store the submission outside the project or in `.repo-standards/local/` and\n   run `resume --assessment <file> --json`. Keep content unchanged between refresh\n   and submission. Stale evidence needs a refreshed request and reassessment of\n   every contextual declaration. Follow the protocol's distinction between\n   renewed assessment after ordinary failed checks and explicit operation retry.\n\n## Explain the result\n\nRead JSON even when the CLI exits 1: a handoff, abandonment and failed adoption\nare incomplete; diagnostic rejections may instead contain `valid: false` and\n`errors`. Report complete adoption only for `outcome: complete`.\n\nFor incomplete work, explain phase, reason, actual changes, completed work,\nfailed or uncertain operations, and the returned safe next action. Preserve\npartial work; retry and abandonment require the instructions described above.\nFor completion, report script outcomes and agent evidence separately, then read\n`adoption.md#review-completed-outputs`. Review tracked changes and the contents\nand executable state of every non-ignored untracked file, including exact\ncontent, whole skills, retained inputs and durable runtime/state files.\n`git diff` omits untracked files; status names and hashes alone are not a content\nreview. Keep HEAD and index unchanged while exposing new-file content; leave all\nadoption changes uncommitted for the maintainer's normal workflow. `status`\nevidence describes that run, not continuing compliance after subsequent edits.\n"
        }
      }
    }
  },
  "outcome": "complete",
  "prerequisites": [],
  "operations": [],
  "assessments": [
    {
      "format": "repo-standards/assessment/v2",
      "run": "6d49b398-fa15-4697-a709-49bdce887608",
      "selection": "sha256:4902d1721e9f22ae99b4f045163123a05b11f14a678fb46daff5dde2b3509830",
      "snapshot": "sha256:43bd4627f700f1867b37676e8c06b482b3d441e26c7fca9e50e7d7e9e0afb171",
      "scope": {
        "inspection": "sha256:fa120d203b709eff18687cf045ac966a186d0cff618960d02ed9e903821dbdc2",
        "afterFixes": "sha256:43bd4627f700f1867b37676e8c06b482b3d441e26c7fca9e50e7d7e9e0afb171"
      },
      "declarations": [
        {
          "id": "docs",
          "status": "satisfied",
          "explanation": "The existing README content satisfies the focused fixture guidance.",
          "changedPaths": [],
          "evidence": [
            "Reviewed every confirmed README without changing project content."
          ],
          "scopeValidity": {
            "afterFixes": {
              "status": "valid",
              "explanation": "The confirmed projects still match the discovery criteria.",
              "evidence": [
                "Reviewed every confirmed project README."
              ],
              "additionalPaths": []
            },
            "current": {
              "status": "valid",
              "explanation": "The confirmed projects still match the discovery criteria.",
              "evidence": [
                "Reviewed every confirmed project README."
              ],
              "additionalPaths": []
            }
          }
        }
      ]
    }
  ],
  "phase": "complete",
  "reason": "Exact installation, fixes, contextual assessment where required, checks, runtime, retained inputs and durable state verified.",
  "changes": [
    ".repo-standards/.gitignore",
    ".repo-standards/inputs/metadata.json",
    ".repo-standards/inputs/resolved.json",
    ".repo-standards/inputs/scope-history.json",
    ".repo-standards/inputs/source/agents.md",
    ".repo-standards/inputs/source/discovery.md",
    ".repo-standards/inputs/source/guidance.md",
    ".repo-standards/inputs/standards.yaml",
    ".repo-standards/local/run.json",
    ".repo-standards/lock.json",
    ".repo-standards/runtime/node_modules",
    ".repo-standards/runtime/package-lock.json",
    ".repo-standards/runtime/package.json",
    ".repo-standards/selection.yaml",
    ".repo-standards/state.json"
  ],
  "completed": [
    "AGENTS.md",
    ".agents/skills/adopt-standards/SKILL.md",
    ".repo-standards/inputs/source/guidance.md",
    ".repo-standards/inputs/source/discovery.md",
    ".repo-standards/inputs/source/agents.md",
    ".repo-standards/inputs/standards.yaml",
    ".repo-standards/inputs/metadata.json",
    ".repo-standards/inputs/resolved.json",
    ".repo-standards/inputs/scope-history.json",
    ".repo-standards/selection.yaml",
    ".repo-standards/runtime/package.json",
    ".repo-standards/runtime/package-lock.json",
    ".repo-standards/lock.json",
    "isolated runtime",
    "agent assessment"
  ],
  "uncertain": [],
  "nextAction": "Review and commit the uncommitted adoption changes through the project’s normal workflow.",
  "installation": {
    "files": [
      ".repo-standards/.gitignore",
      "AGENTS.md",
      ".agents/skills/adopt-standards/SKILL.md",
      ".repo-standards/inputs/source/guidance.md",
      ".repo-standards/inputs/source/discovery.md",
      ".repo-standards/inputs/source/agents.md",
      ".repo-standards/inputs/standards.yaml",
      ".repo-standards/inputs/metadata.json",
      ".repo-standards/inputs/resolved.json",
      ".repo-standards/inputs/scope-history.json",
      ".repo-standards/selection.yaml",
      ".repo-standards/runtime/package.json",
      ".repo-standards/runtime/package-lock.json",
      ".repo-standards/lock.json"
    ],
    "runtime": true,
    "trees": {},
    "complete": true
  },
  "continuation": "9439f895a9ea19bdbf628e7cc852cf0cdde567271f0c2fe46de1c8a33c8b9e36",
  "workRequest": {
    "format": "repo-standards/work-request/v2",
    "scope": {
      "inspection": "sha256:fa120d203b709eff18687cf045ac966a186d0cff618960d02ed9e903821dbdc2",
      "afterFixes": "sha256:43bd4627f700f1867b37676e8c06b482b3d441e26c7fca9e50e7d7e9e0afb171",
      "proposal": {
        "format": "repo-standards/scope/v1",
        "request": "sha256:41ff35293f82e467ced47e94f5013157359c4a70d4d2e4338ce01364086427bd",
        "declarations": [
          {
            "id": "docs",
            "paths": [
              "apps/new/README.md"
            ],
            "coverage": "Included current maintained projects and explained projects that no longer meet the retained criteria.",
            "evidence": [
              {
                "kind": "file",
                "path": "apps/amended/README.md",
                "identity": "sha256:eba870336227462717c80b4e0ca9145084c04be0e572b992420b8b15d51377a9"
              },
              {
                "kind": "file",
                "path": "apps/new/README.md",
                "identity": "sha256:3eae2dec069ae8afb90990bc2d189d33a8f0282f5af3f3133a831d08c9fc7a3b"
              },
              {
                "kind": "file",
                "path": "apps/old/README.md",
                "identity": "sha256:f1bf53d4fba0fea81e79797be7ea6007c78af08b0031e898ba2b8b3b7194fd9a"
              }
            ],
            "candidates": [
              {
                "path": "apps/amended/README.md",
                "decision": "exclude",
                "reason": "This project is no longer maintained, so its content remains project-owned.",
                "evidence": [
                  {
                    "kind": "file",
                    "path": "apps/amended/README.md",
                    "identity": "sha256:eba870336227462717c80b4e0ca9145084c04be0e572b992420b8b15d51377a9"
                  }
                ]
              },
              {
                "path": "apps/new/README.md",
                "decision": "include",
                "reason": "This is a maintained project README.",
                "evidence": [
                  {
                    "kind": "file",
                    "path": "apps/new/README.md",
                    "identity": "sha256:3eae2dec069ae8afb90990bc2d189d33a8f0282f5af3f3133a831d08c9fc7a3b"
                  }
                ]
              },
              {
                "path": "apps/old/README.md",
                "decision": "exclude",
                "reason": "This project is no longer maintained, so its content remains project-owned.",
                "evidence": [
                  {
                    "kind": "file",
                    "path": "apps/old/README.md",
                    "identity": "sha256:f1bf53d4fba0fea81e79797be7ea6007c78af08b0031e898ba2b8b3b7194fd9a"
                  }
                ]
              }
            ],
            "unresolved": []
          }
        ]
      }
    },
    "run": "6d49b398-fa15-4697-a709-49bdce887608",
    "selection": "sha256:4902d1721e9f22ae99b4f045163123a05b11f14a678fb46daff5dde2b3509830",
    "snapshot": "sha256:43bd4627f700f1867b37676e8c06b482b3d441e26c7fca9e50e7d7e9e0afb171",
    "declarations": [
      {
        "id": "docs",
        "guidance": {
          "id": "docs",
          "targets": [
            "apps/new/README.md"
          ],
          "source": "guidance.md",
          "sha256": "4ee3889152fe28c2ed5e93324a63d793bb4405a7a6dd998e82a11e021950f10f",
          "executable": false,
          "encoding": "utf8",
          "content": "Keep every maintained project README useful."
        },
        "discovery": {
          "id": "docs",
          "source": "discovery.md",
          "sha256": "817ffa990eea24744a850d52f02391db88cc2a8c54d3d70b7c2aa8503c9b71df",
          "executable": false,
          "encoding": "utf8",
          "content": "Use project ownership and manifests; explain excluded former projects."
        },
        "allowedTargets": {
          "paths": [
            "apps/new/README.md"
          ],
          "directories": []
        }
      }
    ],
    "requiredEvidence": [
      "status",
      "explanation",
      "changedPaths",
      "evidence",
      "scope",
      "scopeValidity.afterFixes",
      "scopeValidity.current"
    ]
  },
  "completion": {
    "state": {
      "sha256": "49b7ac62fee92f7bcedf6d0a65d08ab7db1ff5fce09ae6ac1cbec3c15663d549",
      "executable": false,
      "encoding": "utf8",
      "content": "{\n  \"format\": \"repo-standards/state/v4\",\n  \"history\": [\n    {\n      \"lastComplete\": {\n        \"run\": \"3f6923b5-1f4e-4aeb-91af-3fc642bd7035\",\n        \"inspection\": \"sha256:6ee8ca96bdbb3ec3b3a2b3f4064727b0c79e8fad305347e478299186baa10d00\",\n        \"completedAt\": \"2026-09-14T08:21:00.156Z\",\n        \"head\": \"4332686c953b274b93b55aeb458bd748e75109ce\"\n      },\n      \"observations\": [\n        {\n          \"phase\": \"agent\",\n          \"scope\": {\n            \"docs\": {\n              \"paths\": [\n                \"apps/old/README.md\"\n              ],\n              \"directories\": []\n            }\n          },\n          \"before\": {\n            \"files\": {\n              \".agents/skills/adopt-standards/SKILL.md\": {\n                \"type\": \"file\",\n                \"sha256\": \"6508d7acca0ced142bb198b85b8fd194d71901b35bb865f21e4ea9c3ea52fd54\",\n                \"executable\": false\n              },\n              \"AGENTS.md\": {\n                \"type\": \"file\",\n                \"sha256\": \"0c1116331d2e29d508131a934726e3c5c2ce2b212ce56fe5db1868ee9e60a7c0\",\n                \"executable\": false\n              },\n              \"apps/amended/README.md\": {\n                \"type\": \"file\",\n                \"sha256\": \"b72edd666e4d2c708244bdd0ae1d57c0deeb0200398c9015179efb77d03f4ab0\",\n                \"executable\": false\n              },\n              \"apps/old/README.md\": {\n                \"type\": \"file\",\n                \"sha256\": \"961e4d9b5985381d411330a903a979e425485c180cc1869cfb0a06efc145511a\",\n                \"executable\": false\n              },\n              \"standards.yaml\": {\n                \"type\": \"file\",\n                \"sha256\": \"e3b0c44298fc1c149afbf4c8996fb92427ae41e4649b934ca495991b7852b855\",\n                \"executable\": false\n              }\n            },\n            \"boundaries\": {\n              \".\": {\n                \"type\": \"directory\",\n                \"mode\": 448\n              },\n              \".agents\": {\n                \"type\": \"directory\",\n                \"mode\": 448\n              },\n              \".agents/skills\": {\n                \"type\": \"directory\",\n                \"mode\": 448\n              },\n              \".agents/skills/adopt-standards\": {\n                \"type\": \"directory\",\n                \"mode\": 448\n              },\n              \"apps\": {\n                \"type\": \"directory\",\n                \"mode\": 448\n              },\n              \"apps/amended\": {\n                \"type\": \"directory\",\n                \"mode\": 448\n              },\n              \"apps/old\": {\n                \"type\": \"directory\",\n                \"mode\": 448\n              }\n            },\n            \"settings\": {\n              \"core.ignorecase\": null,\n              \"core.precomposeunicode\": null,\n              \"core.filemode\": \"true\",\n              \"core.symlinks\": null,\n              \"core.sparsecheckout\": null,\n              \"core.sparsecheckoutcone\": null\n            },\n            \"ignores\": {\n              \"global\": {\n                \"location\": \"/home/agents/.config/git/ignore\",\n                \"state\": {\n                  \"type\": \"missing\"\n                }\n              },\n              \"info\": {\n                \"location\": \"/tmp/repo-standards-source-LSYWhf/.git/info/exclude\",\n                \"state\": {\n                  \"type\": \"file\",\n                  \"sha256\": \"6671fe83b7a07c8932ee89164d1f2793b2318058eb8b98dc5c06ee0a5a3b0ec1\",\n                  \"executable\": false\n                }\n              },\n              \".gitignore\": {\n                \"location\": \".gitignore\",\n                \"state\": {\n                  \"type\": \"missing\"\n                }\n              },\n              \".agents/.gitignore\": {\n                \"location\": \".agents/.gitignore\",\n                \"state\": {\n                  \"type\": \"missing\"\n                }\n              },\n              \".agents/skills/.gitignore\": {\n                \"location\": \".agents/skills/.gitignore\",\n                \"state\": {\n                  \"type\": \"missing\"\n                }\n              },\n              \".agents/skills/adopt-standards/.gitignore\": {\n                \"location\": \".agents/skills/adopt-standards/.gitignore\",\n                \"state\": {\n                  \"type\": \"missing\"\n                }\n              },\n              \"apps/.gitignore\": {\n                \"location\": \"apps/.gitignore\",\n                \"state\": {\n                  \"type\": \"missing\"\n                }\n              },\n              \"apps/amended/.gitignore\": {\n                \"location\": \"apps/amended/.gitignore\",\n                \"state\": {\n                  \"type\": \"missing\"\n                }\n              },\n              \"apps/old/.gitignore\": {\n                \"location\": \"apps/old/.gitignore\",\n                \"state\": {\n                  \"type\": \"missing\"\n                }\n              }\n            }\n          },\n          \"after\": {\n            \"files\": {\n              \".agents/skills/adopt-standards/SKILL.md\": {\n                \"type\": \"file\",\n                \"sha256\": \"6508d7acca0ced142bb198b85b8fd194d71901b35bb865f21e4ea9c3ea52fd54\",\n                \"executable\": false\n              },\n              \"AGENTS.md\": {\n                \"type\": \"file\",\n                \"sha256\": \"0c1116331d2e29d508131a934726e3c5c2ce2b212ce56fe5db1868ee9e60a7c0\",\n                \"executable\": false\n              },\n              \"apps/amended/README.md\": {\n                \"type\": \"file\",\n                \"sha256\": \"b72edd666e4d2c708244bdd0ae1d57c0deeb0200398c9015179efb77d03f4ab0\",\n                \"executable\": false\n              },\n              \"apps/old/README.md\": {\n                \"type\": \"file\",\n                \"sha256\": \"961e4d9b5985381d411330a903a979e425485c180cc1869cfb0a06efc145511a\",\n                \"executable\": false\n              },\n              \"standards.yaml\": {\n                \"type\": \"file\",\n                \"sha256\": \"e3b0c44298fc1c149afbf4c8996fb92427ae41e4649b934ca495991b7852b855\",\n                \"executable\": false\n              }\n            },\n            \"boundaries\": {\n              \".\": {\n                \"type\": \"directory\",\n                \"mode\": 448\n              },\n              \".agents\": {\n                \"type\": \"directory\",\n                \"mode\": 448\n              },\n              \".agents/skills\": {\n                \"type\": \"directory\",\n                \"mode\": 448\n              },\n              \".agents/skills/adopt-standards\": {\n                \"type\": \"directory\",\n                \"mode\": 448\n              },\n              \"apps\": {\n                \"type\": \"directory\",\n                \"mode\": 448\n              },\n              \"apps/amended\": {\n                \"type\": \"directory\",\n                \"mode\": 448\n              },\n              \"apps/old\": {\n                \"type\": \"directory\",\n                \"mode\": 448\n              }\n            },\n            \"settings\": {\n              \"core.ignorecase\": null,\n              \"core.precomposeunicode\": null,\n              \"core.filemode\": \"true\",\n              \"core.symlinks\": null,\n              \"core.sparsecheckout\": null,\n              \"core.sparsecheckoutcone\": null\n            },\n            \"ignores\": {\n              \"global\": {\n                \"location\": \"/home/agents/.config/git/ignore\",\n                \"state\": {\n                  \"type\": \"missing\"\n                }\n              },\n              \"info\": {\n                \"location\": \"/tmp/repo-standards-source-LSYWhf/.git/info/exclude\",\n                \"state\": {\n                  \"type\": \"file\",\n                  \"sha256\": \"6671fe83b7a07c8932ee89164d1f2793b2318058eb8b98dc5c06ee0a5a3b0ec1\",\n                  \"executable\": false\n                }\n              },\n              \".gitignore\": {\n                \"location\": \".gitignore\",\n                \"state\": {\n                  \"type\": \"missing\"\n                }\n              },\n              \".agents/.gitignore\": {\n                \"location\": \".agents/.gitignore\",\n                \"state\": {\n                  \"type\": \"missing\"\n                }\n              },\n              \".agents/skills/.gitignore\": {\n                \"location\": \".agents/skills/.gitignore\",\n                \"state\": {\n                  \"type\": \"missing\"\n                }\n              },\n              \".agents/skills/adopt-standards/.gitignore\": {\n                \"location\": \".agents/skills/adopt-standards/.gitignore\",\n                \"state\": {\n                  \"type\": \"missing\"\n                }\n              },\n              \"apps/.gitignore\": {\n                \"location\": \"apps/.gitignore\",\n                \"state\": {\n                  \"type\": \"missing\"\n                }\n              },\n              \"apps/amended/.gitignore\": {\n                \"location\": \"apps/amended/.gitignore\",\n                \"state\": {\n                  \"type\": \"missing\"\n                }\n              },\n              \"apps/old/.gitignore\": {\n                \"location\": \"apps/old/.gitignore\",\n                \"state\": {\n                  \"type\": \"missing\"\n                }\n              }\n            }\n          },\n          \"changedPaths\": [],\n          \"boundaryChanges\": [],\n          \"violations\": []\n        },\n        {\n          \"phase\": \"agent\",\n          \"scope\": {\n            \"docs\": {\n              \"paths\": [\n                \"apps/amended/README.md\",\n                \"apps/old/README.md\"\n              ],\n              \"directories\": []\n            }\n          },\n          \"before\": {\n            \"files\": {\n              \".agents/skills/adopt-standards/SKILL.md\": {\n                \"type\": \"file\",\n                \"sha256\": \"6508d7acca0ced142bb198b85b8fd194d71901b35bb865f21e4ea9c3ea52fd54\",\n                \"executable\": false\n              },\n              \"AGENTS.md\": {\n                \"type\": \"file\",\n                \"sha256\": \"0c1116331d2e29d508131a934726e3c5c2ce2b212ce56fe5db1868ee9e60a7c0\",\n                \"executable\": false\n              },\n              \"apps/amended/README.md\": {\n                \"type\": \"file\",\n                \"sha256\": \"b72edd666e4d2c708244bdd0ae1d57c0deeb0200398c9015179efb77d03f4ab0\",\n                \"executable\": false\n              },\n              \"apps/old/README.md\": {\n                \"type\": \"file\",\n                \"sha256\": \"961e4d9b5985381d411330a903a979e425485c180cc1869cfb0a06efc145511a\",\n                \"executable\": false\n              },\n              \"standards.yaml\": {\n                \"type\": \"file\",\n                \"sha256\": \"e3b0c44298fc1c149afbf4c8996fb92427ae41e4649b934ca495991b7852b855\",\n                \"executable\": false\n              }\n            },\n            \"boundaries\": {\n              \".\": {\n                \"type\": \"directory\",\n                \"mode\": 448\n              },\n              \".agents\": {\n                \"type\": \"directory\",\n                \"mode\": 448\n              },\n              \".agents/skills\": {\n                \"type\": \"directory\",\n                \"mode\": 448\n              },\n              \".agents/skills/adopt-standards\": {\n                \"type\": \"directory\",\n                \"mode\": 448\n              },\n              \"apps\": {\n                \"type\": \"directory\",\n                \"mode\": 448\n              },\n              \"apps/amended\": {\n                \"type\": \"directory\",\n                \"mode\": 448\n              },\n              \"apps/old\": {\n                \"type\": \"directory\",\n                \"mode\": 448\n              }\n            },\n            \"settings\": {\n              \"core.ignorecase\": null,\n              \"core.precomposeunicode\": null,\n              \"core.filemode\": \"true\",\n              \"core.symlinks\": null,\n              \"core.sparsecheckout\": null,\n              \"core.sparsecheckoutcone\": null\n            },\n            \"ignores\": {\n              \"global\": {\n                \"location\": \"/home/agents/.config/git/ignore\",\n                \"state\": {\n                  \"type\": \"missing\"\n                }\n              },\n              \"info\": {\n                \"location\": \"/tmp/repo-standards-source-LSYWhf/.git/info/exclude\",\n                \"state\": {\n                  \"type\": \"file\",\n                  \"sha256\": \"6671fe83b7a07c8932ee89164d1f2793b2318058eb8b98dc5c06ee0a5a3b0ec1\",\n                  \"executable\": false\n                }\n              },\n              \".gitignore\": {\n                \"location\": \".gitignore\",\n                \"state\": {\n                  \"type\": \"missing\"\n                }\n              },\n              \".agents/.gitignore\": {\n                \"location\": \".agents/.gitignore\",\n                \"state\": {\n                  \"type\": \"missing\"\n                }\n              },\n              \".agents/skills/.gitignore\": {\n                \"location\": \".agents/skills/.gitignore\",\n                \"state\": {\n                  \"type\": \"missing\"\n                }\n              },\n              \".agents/skills/adopt-standards/.gitignore\": {\n                \"location\": \".agents/skills/adopt-standards/.gitignore\",\n                \"state\": {\n                  \"type\": \"missing\"\n                }\n              },\n              \"apps/.gitignore\": {\n                \"location\": \"apps/.gitignore\",\n                \"state\": {\n                  \"type\": \"missing\"\n                }\n              },\n              \"apps/amended/.gitignore\": {\n                \"location\": \"apps/amended/.gitignore\",\n                \"state\": {\n                  \"type\": \"missing\"\n                }\n              },\n              \"apps/old/.gitignore\": {\n                \"location\": \"apps/old/.gitignore\",\n                \"state\": {\n                  \"type\": \"missing\"\n                }\n              }\n            }\n          },\n          \"after\": {\n            \"files\": {\n              \".agents/skills/adopt-standards/SKILL.md\": {\n                \"type\": \"file\",\n                \"sha256\": \"6508d7acca0ced142bb198b85b8fd194d71901b35bb865f21e4ea9c3ea52fd54\",\n                \"executable\": false\n              },\n              \"AGENTS.md\": {\n                \"type\": \"file\",\n                \"sha256\": \"0c1116331d2e29d508131a934726e3c5c2ce2b212ce56fe5db1868ee9e60a7c0\",\n                \"executable\": false\n              },\n              \"apps/amended/README.md\": {\n                \"type\": \"file\",\n                \"sha256\": \"b72edd666e4d2c708244bdd0ae1d57c0deeb0200398c9015179efb77d03f4ab0\",\n                \"executable\": false\n              },\n              \"apps/old/README.md\": {\n                \"type\": \"file\",\n                \"sha256\": \"961e4d9b5985381d411330a903a979e425485c180cc1869cfb0a06efc145511a\",\n                \"executable\": false\n              },\n              \"standards.yaml\": {\n                \"type\": \"file\",\n                \"sha256\": \"e3b0c44298fc1c149afbf4c8996fb92427ae41e4649b934ca495991b7852b855\",\n                \"executable\": false\n              }\n            },\n            \"boundaries\": {\n              \".\": {\n                \"type\": \"directory\",\n                \"mode\": 448\n              },\n              \".agents\": {\n                \"type\": \"directory\",\n                \"mode\": 448\n              },\n              \".agents/skills\": {\n                \"type\": \"directory\",\n                \"mode\": 448\n              },\n              \".agents/skills/adopt-standards\": {\n                \"type\": \"directory\",\n                \"mode\": 448\n              },\n              \"apps\": {\n                \"type\": \"directory\",\n                \"mode\": 448\n              },\n              \"apps/amended\": {\n                \"type\": \"directory\",\n                \"mode\": 448\n              },\n              \"apps/old\": {\n                \"type\": \"directory\",\n                \"mode\": 448\n              }\n            },\n            \"settings\": {\n              \"core.ignorecase\": null,\n              \"core.precomposeunicode\": null,\n              \"core.filemode\": \"true\",\n              \"core.symlinks\": null,\n              \"core.sparsecheckout\": null,\n              \"core.sparsecheckoutcone\": null\n            },\n            \"ignores\": {\n              \"global\": {\n                \"location\": \"/home/agents/.config/git/ignore\",\n                \"state\": {\n                  \"type\": \"missing\"\n                }\n              },\n              \"info\": {\n                \"location\": \"/tmp/repo-standards-source-LSYWhf/.git/info/exclude\",\n                \"state\": {\n                  \"type\": \"file\",\n                  \"sha256\": \"6671fe83b7a07c8932ee89164d1f2793b2318058eb8b98dc5c06ee0a5a3b0ec1\",\n                  \"executable\": false\n                }\n              },\n              \".gitignore\": {\n                \"location\": \".gitignore\",\n                \"state\": {\n                  \"type\": \"missing\"\n                }\n              },\n              \".agents/.gitignore\": {\n                \"location\": \".agents/.gitignore\",\n                \"state\": {\n                  \"type\": \"missing\"\n                }\n              },\n              \".agents/skills/.gitignore\": {\n                \"location\": \".agents/skills/.gitignore\",\n                \"state\": {\n                  \"type\": \"missing\"\n                }\n              },\n              \".agents/skills/adopt-standards/.gitignore\": {\n                \"location\": \".agents/skills/adopt-standards/.gitignore\",\n                \"state\": {\n                  \"type\": \"missing\"\n                }\n              },\n              \"apps/.gitignore\": {\n                \"location\": \"apps/.gitignore\",\n                \"state\": {\n                  \"type\": \"missing\"\n                }\n              },\n              \"apps/amended/.gitignore\": {\n                \"location\": \"apps/amended/.gitignore\",\n                \"state\": {\n                  \"type\": \"missing\"\n                }\n              },\n              \"apps/old/.gitignore\": {\n                \"location\": \"apps/old/.gitignore\",\n                \"state\": {\n                  \"type\": \"missing\"\n                }\n              }\n            }\n          },\n          \"changedPaths\": [],\n          \"boundaryChanges\": [],\n          \"violations\": []\n        },\n        {\n          \"phase\": \"agent\",\n          \"scope\": {\n            \"docs\": {\n              \"paths\": [\n                \"apps/amended/README.md\",\n                \"apps/old/README.md\"\n              ],\n              \"directories\": []\n            }\n          },\n          \"before\": {\n            \"files\": {\n              \".agents/skills/adopt-standards/SKILL.md\": {\n                \"type\": \"file\",\n                \"sha256\": \"6508d7acca0ced142bb198b85b8fd194d71901b35bb865f21e4ea9c3ea52fd54\",\n                \"executable\": false\n              },\n              \"AGENTS.md\": {\n                \"type\": \"file\",\n                \"sha256\": \"0c1116331d2e29d508131a934726e3c5c2ce2b212ce56fe5db1868ee9e60a7c0\",\n                \"executable\": false\n              },\n              \"apps/amended/README.md\": {\n                \"type\": \"file\",\n                \"sha256\": \"b72edd666e4d2c708244bdd0ae1d57c0deeb0200398c9015179efb77d03f4ab0\",\n                \"executable\": false\n              },\n              \"apps/old/README.md\": {\n                \"type\": \"file\",\n                \"sha256\": \"961e4d9b5985381d411330a903a979e425485c180cc1869cfb0a06efc145511a\",\n                \"executable\": false\n              },\n              \"standards.yaml\": {\n                \"type\": \"file\",\n                \"sha256\": \"e3b0c44298fc1c149afbf4c8996fb92427ae41e4649b934ca495991b7852b855\",\n                \"executable\": false\n              }\n            },\n            \"boundaries\": {\n              \".\": {\n                \"type\": \"directory\",\n                \"mode\": 448\n              },\n              \".agents\": {\n                \"type\": \"directory\",\n                \"mode\": 448\n              },\n              \".agents/skills\": {\n                \"type\": \"directory\",\n                \"mode\": 448\n              },\n              \".agents/skills/adopt-standards\": {\n                \"type\": \"directory\",\n                \"mode\": 448\n              },\n              \"apps\": {\n                \"type\": \"directory\",\n                \"mode\": 448\n              },\n              \"apps/amended\": {\n                \"type\": \"directory\",\n                \"mode\": 448\n              },\n              \"apps/old\": {\n                \"type\": \"directory\",\n                \"mode\": 448\n              }\n            },\n            \"settings\": {\n              \"core.ignorecase\": null,\n              \"core.precomposeunicode\": null,\n              \"core.filemode\": \"true\",\n              \"core.symlinks\": null,\n              \"core.sparsecheckout\": null,\n              \"core.sparsecheckoutcone\": null\n            },\n            \"ignores\": {\n              \"global\": {\n                \"location\": \"/home/agents/.config/git/ignore\",\n                \"state\": {\n                  \"type\": \"missing\"\n                }\n              },\n              \"info\": {\n                \"location\": \"/tmp/repo-standards-source-LSYWhf/.git/info/exclude\",\n                \"state\": {\n                  \"type\": \"file\",\n                  \"sha256\": \"6671fe83b7a07c8932ee89164d1f2793b2318058eb8b98dc5c06ee0a5a3b0ec1\",\n                  \"executable\": false\n                }\n              },\n              \".gitignore\": {\n                \"location\": \".gitignore\",\n                \"state\": {\n                  \"type\": \"missing\"\n                }\n              },\n              \".agents/.gitignore\": {\n                \"location\": \".agents/.gitignore\",\n                \"state\": {\n                  \"type\": \"missing\"\n                }\n              },\n              \".agents/skills/.gitignore\": {\n                \"location\": \".agents/skills/.gitignore\",\n                \"state\": {\n                  \"type\": \"missing\"\n                }\n              },\n              \".agents/skills/adopt-standards/.gitignore\": {\n                \"location\": \".agents/skills/adopt-standards/.gitignore\",\n                \"state\": {\n                  \"type\": \"missing\"\n                }\n              },\n              \"apps/.gitignore\": {\n                \"location\": \"apps/.gitignore\",\n                \"state\": {\n                  \"type\": \"missing\"\n                }\n              },\n              \"apps/amended/.gitignore\": {\n                \"location\": \"apps/amended/.gitignore\",\n                \"state\": {\n                  \"type\": \"missing\"\n                }\n              },\n              \"apps/old/.gitignore\": {\n                \"location\": \"apps/old/.gitignore\",\n                \"state\": {\n                  \"type\": \"missing\"\n                }\n              }\n            }\n          },\n          \"after\": {\n            \"files\": {\n              \".agents/skills/adopt-standards/SKILL.md\": {\n                \"type\": \"file\",\n                \"sha256\": \"6508d7acca0ced142bb198b85b8fd194d71901b35bb865f21e4ea9c3ea52fd54\",\n                \"executable\": false\n              },\n              \"AGENTS.md\": {\n                \"type\": \"file\",\n                \"sha256\": \"0c1116331d2e29d508131a934726e3c5c2ce2b212ce56fe5db1868ee9e60a7c0\",\n                \"executable\": false\n              },\n              \"apps/amended/README.md\": {\n                \"type\": \"file\",\n                \"sha256\": \"b72edd666e4d2c708244bdd0ae1d57c0deeb0200398c9015179efb77d03f4ab0\",\n                \"executable\": false\n              },\n              \"apps/old/README.md\": {\n                \"type\": \"file\",\n                \"sha256\": \"961e4d9b5985381d411330a903a979e425485c180cc1869cfb0a06efc145511a\",\n                \"executable\": false\n              },\n              \"standards.yaml\": {\n                \"type\": \"file\",\n                \"sha256\": \"e3b0c44298fc1c149afbf4c8996fb92427ae41e4649b934ca495991b7852b855\",\n                \"executable\": false\n              }\n            },\n            \"boundaries\": {\n              \".\": {\n                \"type\": \"directory\",\n                \"mode\": 448\n              },\n              \".agents\": {\n                \"type\": \"directory\",\n                \"mode\": 448\n              },\n              \".agents/skills\": {\n                \"type\": \"directory\",\n                \"mode\": 448\n              },\n              \".agents/skills/adopt-standards\": {\n                \"type\": \"directory\",\n                \"mode\": 448\n              },\n              \"apps\": {\n                \"type\": \"directory\",\n                \"mode\": 448\n              },\n              \"apps/amended\": {\n                \"type\": \"directory\",\n                \"mode\": 448\n              },\n              \"apps/old\": {\n                \"type\": \"directory\",\n                \"mode\": 448\n              }\n            },\n            \"settings\": {\n              \"core.ignorecase\": null,\n              \"core.precomposeunicode\": null,\n              \"core.filemode\": \"true\",\n              \"core.symlinks\": null,\n              \"core.sparsecheckout\": null,\n              \"core.sparsecheckoutcone\": null\n            },\n            \"ignores\": {\n              \"global\": {\n                \"location\": \"/home/agents/.config/git/ignore\",\n                \"state\": {\n                  \"type\": \"missing\"\n                }\n              },\n              \"info\": {\n                \"location\": \"/tmp/repo-standards-source-LSYWhf/.git/info/exclude\",\n                \"state\": {\n                  \"type\": \"file\",\n                  \"sha256\": \"6671fe83b7a07c8932ee89164d1f2793b2318058eb8b98dc5c06ee0a5a3b0ec1\",\n                  \"executable\": false\n                }\n              },\n              \".gitignore\": {\n                \"location\": \".gitignore\",\n                \"state\": {\n                  \"type\": \"missing\"\n                }\n              },\n              \".agents/.gitignore\": {\n                \"location\": \".agents/.gitignore\",\n                \"state\": {\n                  \"type\": \"missing\"\n                }\n              },\n              \".agents/skills/.gitignore\": {\n                \"location\": \".agents/skills/.gitignore\",\n                \"state\": {\n                  \"type\": \"missing\"\n                }\n              },\n              \".agents/skills/adopt-standards/.gitignore\": {\n                \"location\": \".agents/skills/adopt-standards/.gitignore\",\n                \"state\": {\n                  \"type\": \"missing\"\n                }\n              },\n              \"apps/.gitignore\": {\n                \"location\": \"apps/.gitignore\",\n                \"state\": {\n                  \"type\": \"missing\"\n                }\n              },\n              \"apps/amended/.gitignore\": {\n                \"location\": \"apps/amended/.gitignore\",\n                \"state\": {\n                  \"type\": \"missing\"\n                }\n              },\n              \"apps/old/.gitignore\": {\n                \"location\": \"apps/old/.gitignore\",\n                \"state\": {\n                  \"type\": \"missing\"\n                }\n              }\n            }\n          },\n          \"changedPaths\": [],\n          \"boundaryChanges\": [],\n          \"violations\": []\n        },\n        {\n          \"phase\": \"agent\",\n          \"scope\": {\n            \"docs\": {\n              \"paths\": [\n                \"apps/amended/README.md\",\n                \"apps/old/README.md\"\n              ],\n              \"directories\": []\n            }\n          },\n          \"before\": {\n            \"files\": {\n              \".agents/skills/adopt-standards/SKILL.md\": {\n                \"type\": \"file\",\n                \"sha256\": \"6508d7acca0ced142bb198b85b8fd194d71901b35bb865f21e4ea9c3ea52fd54\",\n                \"executable\": false\n              },\n              \"AGENTS.md\": {\n                \"type\": \"file\",\n                \"sha256\": \"0c1116331d2e29d508131a934726e3c5c2ce2b212ce56fe5db1868ee9e60a7c0\",\n                \"executable\": false\n              },\n              \"apps/amended/README.md\": {\n                \"type\": \"file\",\n                \"sha256\": \"b72edd666e4d2c708244bdd0ae1d57c0deeb0200398c9015179efb77d03f4ab0\",\n                \"executable\": false\n              },\n              \"apps/old/README.md\": {\n                \"type\": \"file\",\n                \"sha256\": \"961e4d9b5985381d411330a903a979e425485c180cc1869cfb0a06efc145511a\",\n                \"executable\": false\n              },\n              \"standards.yaml\": {\n                \"type\": \"file\",\n                \"sha256\": \"e3b0c44298fc1c149afbf4c8996fb92427ae41e4649b934ca495991b7852b855\",\n                \"executable\": false\n              }\n            },\n            \"boundaries\": {\n              \".\": {\n                \"type\": \"directory\",\n                \"mode\": 448\n              },\n              \".agents\": {\n                \"type\": \"directory\",\n                \"mode\": 448\n              },\n              \".agents/skills\": {\n                \"type\": \"directory\",\n                \"mode\": 448\n              },\n              \".agents/skills/adopt-standards\": {\n                \"type\": \"directory\",\n                \"mode\": 448\n              },\n              \"apps\": {\n                \"type\": \"directory\",\n                \"mode\": 448\n              },\n              \"apps/amended\": {\n                \"type\": \"directory\",\n                \"mode\": 448\n              },\n              \"apps/old\": {\n                \"type\": \"directory\",\n                \"mode\": 448\n              }\n            },\n            \"settings\": {\n              \"core.ignorecase\": null,\n              \"core.precomposeunicode\": null,\n              \"core.filemode\": \"true\",\n              \"core.symlinks\": null,\n              \"core.sparsecheckout\": null,\n              \"core.sparsecheckoutcone\": null\n            },\n            \"ignores\": {\n              \"global\": {\n                \"location\": \"/home/agents/.config/git/ignore\",\n                \"state\": {\n                  \"type\": \"missing\"\n                }\n              },\n              \"info\": {\n                \"location\": \"/tmp/repo-standards-source-LSYWhf/.git/info/exclude\",\n                \"state\": {\n                  \"type\": \"file\",\n                  \"sha256\": \"6671fe83b7a07c8932ee89164d1f2793b2318058eb8b98dc5c06ee0a5a3b0ec1\",\n                  \"executable\": false\n                }\n              },\n              \".gitignore\": {\n                \"location\": \".gitignore\",\n                \"state\": {\n                  \"type\": \"missing\"\n                }\n              },\n              \".agents/.gitignore\": {\n                \"location\": \".agents/.gitignore\",\n                \"state\": {\n                  \"type\": \"missing\"\n                }\n              },\n              \".agents/skills/.gitignore\": {\n                \"location\": \".agents/skills/.gitignore\",\n                \"state\": {\n                  \"type\": \"missing\"\n                }\n              },\n              \".agents/skills/adopt-standards/.gitignore\": {\n                \"location\": \".agents/skills/adopt-standards/.gitignore\",\n                \"state\": {\n                  \"type\": \"missing\"\n                }\n              },\n              \"apps/.gitignore\": {\n                \"location\": \"apps/.gitignore\",\n                \"state\": {\n                  \"type\": \"missing\"\n                }\n              },\n              \"apps/amended/.gitignore\": {\n                \"location\": \"apps/amended/.gitignore\",\n                \"state\": {\n                  \"type\": \"missing\"\n                }\n              },\n              \"apps/old/.gitignore\": {\n                \"location\": \"apps/old/.gitignore\",\n                \"state\": {\n                  \"type\": \"missing\"\n                }\n              }\n            }\n          },\n          \"after\": {\n            \"files\": {\n              \".agents/skills/adopt-standards/SKILL.md\": {\n                \"type\": \"file\",\n                \"sha256\": \"6508d7acca0ced142bb198b85b8fd194d71901b35bb865f21e4ea9c3ea52fd54\",\n                \"executable\": false\n              },\n              \"AGENTS.md\": {\n                \"type\": \"file\",\n                \"sha256\": \"0c1116331d2e29d508131a934726e3c5c2ce2b212ce56fe5db1868ee9e60a7c0\",\n                \"executable\": false\n              },\n              \"apps/amended/README.md\": {\n                \"type\": \"file\",\n                \"sha256\": \"b72edd666e4d2c708244bdd0ae1d57c0deeb0200398c9015179efb77d03f4ab0\",\n                \"executable\": false\n              },\n              \"apps/old/README.md\": {\n                \"type\": \"file\",\n                \"sha256\": \"961e4d9b5985381d411330a903a979e425485c180cc1869cfb0a06efc145511a\",\n                \"executable\": false\n              },\n              \"standards.yaml\": {\n                \"type\": \"file\",\n                \"sha256\": \"e3b0c44298fc1c149afbf4c8996fb92427ae41e4649b934ca495991b7852b855\",\n                \"executable\": false\n              }\n            },\n            \"boundaries\": {\n              \".\": {\n                \"type\": \"directory\",\n                \"mode\": 448\n              },\n              \".agents\": {\n                \"type\": \"directory\",\n                \"mode\": 448\n              },\n              \".agents/skills\": {\n                \"type\": \"directory\",\n                \"mode\": 448\n              },\n              \".agents/skills/adopt-standards\": {\n                \"type\": \"directory\",\n                \"mode\": 448\n              },\n              \"apps\": {\n                \"type\": \"directory\",\n                \"mode\": 448\n              },\n              \"apps/amended\": {\n                \"type\": \"directory\",\n                \"mode\": 448\n              },\n              \"apps/old\": {\n                \"type\": \"directory\",\n                \"mode\": 448\n              }\n            },\n            \"settings\": {\n              \"core.ignorecase\": null,\n              \"core.precomposeunicode\": null,\n              \"core.filemode\": \"true\",\n              \"core.symlinks\": null,\n              \"core.sparsecheckout\": null,\n              \"core.sparsecheckoutcone\": null\n            },\n            \"ignores\": {\n              \"global\": {\n                \"location\": \"/home/agents/.config/git/ignore\",\n                \"state\": {\n                  \"type\": \"missing\"\n                }\n              },\n              \"info\": {\n                \"location\": \"/tmp/repo-standards-source-LSYWhf/.git/info/exclude\",\n                \"state\": {\n                  \"type\": \"file\",\n                  \"sha256\": \"6671fe83b7a07c8932ee89164d1f2793b2318058eb8b98dc5c06ee0a5a3b0ec1\",\n                  \"executable\": false\n                }\n              },\n              \".gitignore\": {\n                \"location\": \".gitignore\",\n                \"state\": {\n                  \"type\": \"missing\"\n                }\n              },\n              \".agents/.gitignore\": {\n                \"location\": \".agents/.gitignore\",\n                \"state\": {\n                  \"type\": \"missing\"\n                }\n              },\n              \".agents/skills/.gitignore\": {\n                \"location\": \".agents/skills/.gitignore\",\n                \"state\": {\n                  \"type\": \"missing\"\n                }\n              },\n              \".agents/skills/adopt-standards/.gitignore\": {\n                \"location\": \".agents/skills/adopt-standards/.gitignore\",\n                \"state\": {\n                  \"type\": \"missing\"\n                }\n              },\n              \"apps/.gitignore\": {\n                \"location\": \"apps/.gitignore\",\n                \"state\": {\n                  \"type\": \"missing\"\n                }\n              },\n              \"apps/amended/.gitignore\": {\n                \"location\": \"apps/amended/.gitignore\",\n                \"state\": {\n                  \"type\": \"missing\"\n                }\n              },\n              \"apps/old/.gitignore\": {\n                \"location\": \"apps/old/.gitignore\",\n                \"state\": {\n                  \"type\": \"missing\"\n                }\n              }\n            }\n          },\n          \"changedPaths\": [],\n          \"boundaryChanges\": [],\n          \"violations\": []\n        }\n      ],\n      \"operations\": [],\n      \"retryHistory\": [],\n      \"checks\": [],\n      \"assessments\": [\n        {\n          \"format\": \"repo-standards/assessment/v2\",\n          \"run\": \"3f6923b5-1f4e-4aeb-91af-3fc642bd7035\",\n          \"selection\": \"sha256:4902d1721e9f22ae99b4f045163123a05b11f14a678fb46daff5dde2b3509830\",\n          \"snapshot\": \"sha256:bef52f630d4adce5eb9a6df260097886325caf5abd30ad6f5b4478bb78f1de92\",\n          \"scope\": {\n            \"inspection\": \"sha256:6ee8ca96bdbb3ec3b3a2b3f4064727b0c79e8fad305347e478299186baa10d00\",\n            \"afterFixes\": \"sha256:bef52f630d4adce5eb9a6df260097886325caf5abd30ad6f5b4478bb78f1de92\"\n          },\n          \"declarations\": [\n            {\n              \"id\": \"docs\",\n              \"status\": \"satisfied\",\n              \"explanation\": \"The existing README content satisfies the focused fixture guidance.\",\n              \"changedPaths\": [],\n              \"evidence\": [\n                \"Reviewed every confirmed README without changing project content.\"\n              ],\n              \"scopeValidity\": {\n                \"afterFixes\": {\n                  \"status\": \"valid\",\n                  \"explanation\": \"The confirmed projects still match the discovery criteria.\",\n                  \"evidence\": [\n                    \"Reviewed every confirmed project README.\"\n                  ],\n                  \"additionalPaths\": []\n                },\n                \"current\": {\n                  \"status\": \"valid\",\n                  \"explanation\": \"The confirmed projects still match the discovery criteria.\",\n                  \"evidence\": [\n                    \"Reviewed every confirmed project README.\"\n                  ],\n                  \"additionalPaths\": []\n                }\n              }\n            }\n          ]\n        }\n      ],\n      \"scopeRevision\": 1,\n      \"amendments\": [\n        {\n          \"format\": \"repo-standards/scope-amendment/v1\",\n          \"revision\": 1,\n          \"acceptedAt\": \"2026-09-14T08:20:55.809Z\",\n          \"outgoingObservation\": {\n            \"identity\": \"sha256:a96cb93e159893dad783e83a6a479c94deb9426b47d6a57c5619163c5a3d1daa\",\n            \"intervals\": 1\n          },\n          \"previousInspection\": \"sha256:0511ec02b8f1bc5e9b107038aae35c055142208d9538a9e9eed3c65ec8a70308\",\n          \"confirmation\": \"sha256:6ee8ca96bdbb3ec3b3a2b3f4064727b0c79e8fad305347e478299186baa10d00\",\n          \"request\": \"sha256:47147fee89313ac412d2472a1c41598288a50babcd0e8cecabd3348c5b49ec0a\",\n          \"existingScope\": {\n            \"docs\": {\n              \"paths\": [\n                \"apps/old/README.md\"\n              ],\n              \"directories\": []\n            },\n            \"instructions\": {\n              \"paths\": [\n                \"AGENTS.md\"\n              ],\n              \"directories\": []\n            }\n          },\n          \"acceptedScope\": {\n            \"docs\": {\n              \"paths\": [\n                \"apps/amended/README.md\",\n                \"apps/old/README.md\"\n              ],\n              \"directories\": []\n            },\n            \"instructions\": {\n              \"paths\": [\n                \"AGENTS.md\"\n              ],\n              \"directories\": []\n            }\n          },\n          \"additions\": {\n            \"docs\": [\n              \"apps/amended/README.md\"\n            ]\n          },\n          \"proposal\": {\n            \"format\": \"repo-standards/scope/v1\",\n            \"request\": \"sha256:47147fee89313ac412d2472a1c41598288a50babcd0e8cecabd3348c5b49ec0a\",\n            \"declarations\": [\n              {\n                \"id\": \"docs\",\n                \"paths\": [\n                  \"apps/amended/README.md\",\n                  \"apps/old/README.md\"\n                ],\n                \"coverage\": \"Included current maintained projects and explained projects that no longer meet the retained criteria.\",\n                \"evidence\": [\n                  {\n                    \"kind\": \"file\",\n                    \"path\": \"apps/amended/README.md\",\n                    \"identity\": \"sha256:eba870336227462717c80b4e0ca9145084c04be0e572b992420b8b15d51377a9\"\n                  },\n                  {\n                    \"kind\": \"file\",\n                    \"path\": \"apps/old/README.md\",\n                    \"identity\": \"sha256:f1bf53d4fba0fea81e79797be7ea6007c78af08b0031e898ba2b8b3b7194fd9a\"\n                  }\n                ],\n                \"candidates\": [\n                  {\n                    \"path\": \"apps/amended/README.md\",\n                    \"decision\": \"include\",\n                    \"reason\": \"This is a maintained project README.\",\n                    \"evidence\": [\n                      {\n                        \"kind\": \"file\",\n                        \"path\": \"apps/amended/README.md\",\n                        \"identity\": \"sha256:eba870336227462717c80b4e0ca9145084c04be0e572b992420b8b15d51377a9\"\n                      }\n                    ]\n                  },\n                  {\n                    \"path\": \"apps/old/README.md\",\n                    \"decision\": \"include\",\n                    \"reason\": \"This is a maintained project README.\",\n                    \"evidence\": [\n                      {\n                        \"kind\": \"file\",\n                        \"path\": \"apps/old/README.md\",\n                        \"identity\": \"sha256:f1bf53d4fba0fea81e79797be7ea6007c78af08b0031e898ba2b8b3b7194fd9a\"\n                      }\n                    ]\n                  }\n                ],\n                \"unresolved\": []\n              }\n            ]\n          },\n          \"discovery\": {\n            \"identity\": \"sha256:47147fee89313ac412d2472a1c41598288a50babcd0e8cecabd3348c5b49ec0a\",\n            \"declarations\": [\n              {\n                \"id\": \"docs\",\n                \"source\": \"discovery.md\",\n                \"sha256\": \"817ffa990eea24744a850d52f02391db88cc2a8c54d3d70b7c2aa8503c9b71df\",\n                \"executable\": false,\n                \"encoding\": \"utf8\",\n                \"content\": \"Use project ownership and manifests; explain excluded former projects.\"\n              }\n            ],\n            \"evidence\": [\n              {\n                \"kind\": \"directory\",\n                \"path\": \".\",\n                \"identity\": \"sha256:38fd0f891e71a1dc80fa6d2fe6eb25f6a630b93b2bdb0800f85fa4e1890e9eaf\"\n              },\n              {\n                \"kind\": \"directory\",\n                \"path\": \"apps\",\n                \"identity\": \"sha256:e40bd6fdde4a657042deb7f66b34934bc18a6d46eb74d58fe961354d8f93fdb2\"\n              },\n              {\n                \"kind\": \"directory\",\n                \"path\": \"apps/amended\",\n                \"identity\": \"sha256:bad293a5c028229da53dd6d9320af8fa817270368004a7ec20d9427290ea1b91\"\n              },\n              {\n                \"kind\": \"directory\",\n                \"path\": \"apps/old\",\n                \"identity\": \"sha256:ff7a0e5aa63de7e522bc9f639ec5331745041b0d78810599507a7a783973748b\"\n              },\n              {\n                \"kind\": \"file\",\n                \"path\": \"apps/amended/README.md\",\n                \"identity\": \"sha256:eba870336227462717c80b4e0ca9145084c04be0e572b992420b8b15d51377a9\"\n              },\n              {\n                \"kind\": \"file\",\n                \"path\": \"apps/old/README.md\",\n                \"identity\": \"sha256:f1bf53d4fba0fea81e79797be7ea6007c78af08b0031e898ba2b8b3b7194fd9a\"\n              },\n              {\n                \"kind\": \"file\",\n                \"path\": \"standards.yaml\",\n                \"identity\": \"sha256:34ec4b9081ab3442a44f8f275c7700deca938f9d934d655a3fac0f95a249827c\"\n              }\n            ],\n            \"observation\": {\n              \"files\": {\n                \"apps/amended/README.md\": {\n                  \"type\": \"file\",\n                  \"sha256\": \"b72edd666e4d2c708244bdd0ae1d57c0deeb0200398c9015179efb77d03f4ab0\",\n                  \"executable\": false\n                },\n                \"apps/old/README.md\": {\n                  \"type\": \"file\",\n                  \"sha256\": \"961e4d9b5985381d411330a903a979e425485c180cc1869cfb0a06efc145511a\",\n                  \"executable\": false\n                },\n                \"standards.yaml\": {\n                  \"type\": \"file\",\n                  \"sha256\": \"e3b0c44298fc1c149afbf4c8996fb92427ae41e4649b934ca495991b7852b855\",\n                  \"executable\": false\n                }\n              },\n              \"inventories\": {\n                \".\": [\n                  \"apps\",\n                  \"standards.yaml\"\n                ],\n                \"apps\": [\n                  \"apps/amended\",\n                  \"apps/old\"\n                ],\n                \"apps/amended\": [\n                  \"apps/amended/README.md\"\n                ],\n                \"apps/old\": [\n                  \"apps/old/README.md\"\n                ]\n              },\n              \"boundaries\": {\n                \".\": {\n                  \"type\": \"directory\",\n                  \"mode\": 448\n                },\n                \".agents\": {\n                  \"type\": \"directory\",\n                  \"mode\": 448\n                },\n                \".agents/skills\": {\n                  \"type\": \"directory\",\n                  \"mode\": 448\n                },\n                \"apps\": {\n                  \"type\": \"directory\",\n                  \"mode\": 448\n                },\n                \"apps/amended\": {\n                  \"type\": \"directory\",\n                  \"mode\": 448\n                },\n                \"apps/old\": {\n                  \"type\": \"directory\",\n                  \"mode\": 448\n                }\n              },\n              \"targets\": {},\n              \"settings\": {\n                \"core.ignorecase\": null,\n                \"core.precomposeunicode\": null,\n                \"core.filemode\": \"true\",\n                \"core.symlinks\": null,\n                \"core.sparsecheckout\": null,\n                \"core.sparsecheckoutcone\": null\n              },\n              \"ignores\": {\n                \"global\": {\n                  \"location\": \"/home/agents/.config/git/ignore\",\n                  \"state\": {\n                    \"type\": \"missing\"\n                  }\n                },\n                \"info\": {\n                  \"location\": \"/tmp/repo-standards-source-LSYWhf/.git/info/exclude\",\n                  \"state\": {\n                    \"type\": \"file\",\n                    \"sha256\": \"6671fe83b7a07c8932ee89164d1f2793b2318058eb8b98dc5c06ee0a5a3b0ec1\",\n                    \"executable\": false\n                  }\n                },\n                \".gitignore\": {\n                  \"location\": \".gitignore\",\n                  \"state\": {\n                    \"type\": \"missing\"\n                  }\n                },\n                \".agents/.gitignore\": {\n                  \"location\": \".agents/.gitignore\",\n                  \"state\": {\n                    \"type\": \"missing\"\n                  }\n                },\n                \".agents/skills/.gitignore\": {\n                  \"location\": \".agents/skills/.gitignore\",\n                  \"state\": {\n                    \"type\": \"missing\"\n                  }\n                },\n                \"apps/.gitignore\": {\n                  \"location\": \"apps/.gitignore\",\n                  \"state\": {\n                    \"type\": \"missing\"\n                  }\n                },\n                \"apps/amended/.gitignore\": {\n                  \"location\": \"apps/amended/.gitignore\",\n                  \"state\": {\n                    \"type\": \"missing\"\n                  }\n                },\n                \"apps/old/.gitignore\": {\n                  \"location\": \"apps/old/.gitignore\",\n                  \"state\": {\n                    \"type\": \"missing\"\n                  }\n                }\n              },\n              \"limits\": {\n                \"paths\": 20000,\n                \"fileBytes\": 8388608,\n                \"totalBytes\": 67108864,\n                \"depth\": 128\n              },\n              \"evidence\": [\n                {\n                  \"kind\": \"directory\",\n                  \"path\": \".\",\n                  \"identity\": \"sha256:38fd0f891e71a1dc80fa6d2fe6eb25f6a630b93b2bdb0800f85fa4e1890e9eaf\"\n                },\n                {\n                  \"kind\": \"directory\",\n                  \"path\": \"apps\",\n                  \"identity\": \"sha256:e40bd6fdde4a657042deb7f66b34934bc18a6d46eb74d58fe961354d8f93fdb2\"\n                },\n                {\n                  \"kind\": \"directory\",\n                  \"path\": \"apps/amended\",\n                  \"identity\": \"sha256:bad293a5c028229da53dd6d9320af8fa817270368004a7ec20d9427290ea1b91\"\n                },\n                {\n                  \"kind\": \"directory\",\n                  \"path\": \"apps/old\",\n                  \"identity\": \"sha256:ff7a0e5aa63de7e522bc9f639ec5331745041b0d78810599507a7a783973748b\"\n                },\n                {\n                  \"kind\": \"file\",\n                  \"path\": \"apps/amended/README.md\",\n                  \"identity\": \"sha256:eba870336227462717c80b4e0ca9145084c04be0e572b992420b8b15d51377a9\"\n                },\n                {\n                  \"kind\": \"file\",\n                  \"path\": \"apps/old/README.md\",\n                  \"identity\": \"sha256:f1bf53d4fba0fea81e79797be7ea6007c78af08b0031e898ba2b8b3b7194fd9a\"\n                },\n                {\n                  \"kind\": \"file\",\n                  \"path\": \"standards.yaml\",\n                  \"identity\": \"sha256:34ec4b9081ab3442a44f8f275c7700deca938f9d934d655a3fac0f95a249827c\"\n                }\n              ]\n            },\n            \"proposal\": {\n              \"format\": \"repo-standards/scope/v1\",\n              \"request\": \"sha256:47147fee89313ac412d2472a1c41598288a50babcd0e8cecabd3348c5b49ec0a\",\n              \"declarations\": [\n                {\n                  \"id\": \"docs\",\n                  \"paths\": [\n                    \"apps/amended/README.md\",\n                    \"apps/old/README.md\"\n                  ],\n                  \"coverage\": \"Included current maintained projects and explained projects that no longer meet the retained criteria.\",\n                  \"evidence\": [\n                    {\n                      \"kind\": \"file\",\n                      \"path\": \"apps/amended/README.md\",\n                      \"identity\": \"sha256:eba870336227462717c80b4e0ca9145084c04be0e572b992420b8b15d51377a9\"\n                    },\n                    {\n                      \"kind\": \"file\",\n                      \"path\": \"apps/old/README.md\",\n                      \"identity\": \"sha256:f1bf53d4fba0fea81e79797be7ea6007c78af08b0031e898ba2b8b3b7194fd9a\"\n                    }\n                  ],\n                  \"candidates\": [\n                    {\n                      \"path\": \"apps/amended/README.md\",\n                      \"decision\": \"include\",\n                      \"reason\": \"This is a maintained project README.\",\n                      \"evidence\": [\n                        {\n                          \"kind\": \"file\",\n                          \"path\": \"apps/amended/README.md\",\n                          \"identity\": \"sha256:eba870336227462717c80b4e0ca9145084c04be0e572b992420b8b15d51377a9\"\n                        }\n                      ]\n                    },\n                    {\n                      \"path\": \"apps/old/README.md\",\n                      \"decision\": \"include\",\n                      \"reason\": \"This is a maintained project README.\",\n                      \"evidence\": [\n                        {\n                          \"kind\": \"file\",\n                          \"path\": \"apps/old/README.md\",\n                          \"identity\": \"sha256:f1bf53d4fba0fea81e79797be7ea6007c78af08b0031e898ba2b8b3b7194fd9a\"\n                        }\n                      ]\n                    }\n                  ],\n                  \"unresolved\": []\n                }\n              ]\n            },\n            \"absence\": [],\n            \"namedObservation\": {\n              \"files\": {\n                \"apps/amended/README.md\": {\n                  \"type\": \"file\",\n                  \"sha256\": \"b72edd666e4d2c708244bdd0ae1d57c0deeb0200398c9015179efb77d03f4ab0\",\n                  \"executable\": false\n                },\n                \"apps/old/README.md\": {\n                  \"type\": \"file\",\n                  \"sha256\": \"961e4d9b5985381d411330a903a979e425485c180cc1869cfb0a06efc145511a\",\n                  \"executable\": false\n                },\n                \"standards.yaml\": {\n                  \"type\": \"file\",\n                  \"sha256\": \"e3b0c44298fc1c149afbf4c8996fb92427ae41e4649b934ca495991b7852b855\",\n                  \"executable\": false\n                }\n              },\n              \"inventories\": {\n                \".\": [\n                  \"apps\",\n                  \"standards.yaml\"\n                ],\n                \"apps\": [\n                  \"apps/amended\",\n                  \"apps/old\"\n                ],\n                \"apps/amended\": [\n                  \"apps/amended/README.md\"\n                ],\n                \"apps/old\": [\n                  \"apps/old/README.md\"\n                ]\n              },\n              \"boundaries\": {\n                \".\": {\n                  \"type\": \"directory\",\n                  \"mode\": 448\n                },\n                \".agents\": {\n                  \"type\": \"directory\",\n                  \"mode\": 448\n                },\n                \".agents/skills\": {\n                  \"type\": \"directory\",\n                  \"mode\": 448\n                },\n                \"apps\": {\n                  \"type\": \"directory\",\n                  \"mode\": 448\n                },\n                \"apps/amended\": {\n                  \"type\": \"directory\",\n                  \"mode\": 448\n                },\n                \"apps/old\": {\n                  \"type\": \"directory\",\n                  \"mode\": 448\n                }\n              },\n              \"targets\": {\n                \"apps/amended/README.md\": {\n                  \"type\": \"file\",\n                  \"sha256\": \"b72edd666e4d2c708244bdd0ae1d57c0deeb0200398c9015179efb77d03f4ab0\",\n                  \"executable\": false\n                },\n                \"apps/old/README.md\": {\n                  \"type\": \"file\",\n                  \"sha256\": \"961e4d9b5985381d411330a903a979e425485c180cc1869cfb0a06efc145511a\",\n                  \"executable\": false\n                }\n              },\n              \"settings\": {\n                \"core.ignorecase\": null,\n                \"core.precomposeunicode\": null,\n                \"core.filemode\": \"true\",\n                \"core.symlinks\": null,\n                \"core.sparsecheckout\": null,\n                \"core.sparsecheckoutcone\": null\n              },\n              \"ignores\": {\n                \"global\": {\n                  \"location\": \"/home/agents/.config/git/ignore\",\n                  \"state\": {\n                    \"type\": \"missing\"\n                  }\n                },\n                \"info\": {\n                  \"location\": \"/tmp/repo-standards-source-LSYWhf/.git/info/exclude\",\n                  \"state\": {\n                    \"type\": \"file\",\n                    \"sha256\": \"6671fe83b7a07c8932ee89164d1f2793b2318058eb8b98dc5c06ee0a5a3b0ec1\",\n                    \"executable\": false\n                  }\n                },\n                \".gitignore\": {\n                  \"location\": \".gitignore\",\n                  \"state\": {\n                    \"type\": \"missing\"\n                  }\n                },\n                \".agents/.gitignore\": {\n                  \"location\": \".agents/.gitignore\",\n                  \"state\": {\n                    \"type\": \"missing\"\n                  }\n                },\n                \".agents/skills/.gitignore\": {\n                  \"location\": \".agents/skills/.gitignore\",\n                  \"state\": {\n                    \"type\": \"missing\"\n                  }\n                },\n                \"apps/.gitignore\": {\n                  \"location\": \"apps/.gitignore\",\n                  \"state\": {\n                    \"type\": \"missing\"\n                  }\n                },\n                \"apps/amended/.gitignore\": {\n                  \"location\": \"apps/amended/.gitignore\",\n                  \"state\": {\n                    \"type\": \"missing\"\n                  }\n                },\n                \"apps/old/.gitignore\": {\n                  \"location\": \"apps/old/.gitignore\",\n                  \"state\": {\n                    \"type\": \"missing\"\n                  }\n                }\n              },\n              \"limits\": {\n                \"paths\": 20000,\n                \"fileBytes\": 8388608,\n                \"totalBytes\": 67108864,\n                \"depth\": 128\n              },\n              \"evidence\": [\n                {\n                  \"kind\": \"directory\",\n                  \"path\": \".\",\n                  \"identity\": \"sha256:38fd0f891e71a1dc80fa6d2fe6eb25f6a630b93b2bdb0800f85fa4e1890e9eaf\"\n                },\n                {\n                  \"kind\": \"directory\",\n                  \"path\": \"apps\",\n                  \"identity\": \"sha256:e40bd6fdde4a657042deb7f66b34934bc18a6d46eb74d58fe961354d8f93fdb2\"\n                },\n                {\n                  \"kind\": \"directory\",\n                  \"path\": \"apps/amended\",\n                  \"identity\": \"sha256:bad293a5c028229da53dd6d9320af8fa817270368004a7ec20d9427290ea1b91\"\n                },\n                {\n                  \"kind\": \"directory\",\n                  \"path\": \"apps/old\",\n                  \"identity\": \"sha256:ff7a0e5aa63de7e522bc9f639ec5331745041b0d78810599507a7a783973748b\"\n                },\n                {\n                  \"kind\": \"file\",\n                  \"path\": \"apps/amended/README.md\",\n                  \"identity\": \"sha256:eba870336227462717c80b4e0ca9145084c04be0e572b992420b8b15d51377a9\"\n                },\n                {\n                  \"kind\": \"file\",\n                  \"path\": \"apps/old/README.md\",\n                  \"identity\": \"sha256:f1bf53d4fba0fea81e79797be7ea6007c78af08b0031e898ba2b8b3b7194fd9a\"\n                },\n                {\n                  \"kind\": \"file\",\n                  \"path\": \"standards.yaml\",\n                  \"identity\": \"sha256:34ec4b9081ab3442a44f8f275c7700deca938f9d934d655a3fac0f95a249827c\"\n                }\n              ]\n            }\n          },\n          \"project\": {\n            \"root\": \"/tmp/repo-standards-source-LSYWhf\",\n            \"head\": \"4332686c953b274b93b55aeb458bd748e75109ce\",\n            \"index\": \"100644 c1954588164ee7d053a4bc94a8bdbce91225e097 0\\tapps/amended/README.md\\u0000100644 11f5b073c7971636628d38e847a1a5de735f7b8f 0\\tapps/old/README.md\\u0000100644 e69de29bb2d1d6434b8b29ae775ad8c2e48c5391 0\\tstandards.yaml\\u0000\",\n            \"hidden\": [],\n            \"status\": \"?? .agents/skills/adopt-standards/SKILL.md\\u0000?? .repo-standards/.gitignore\\u0000?? .repo-standards/inputs/metadata.json\\u0000?? .repo-standards/inputs/resolved.json\\u0000?? .repo-standards/inputs/scope-history.json\\u0000?? .repo-standards/inputs/source/agents.md\\u0000?? .repo-standards/inputs/source/discovery.md\\u0000?? .repo-standards/inputs/source/guidance.md\\u0000?? .repo-standards/inputs/standards.yaml\\u0000?? .repo-standards/lock.json\\u0000?? .repo-standards/runtime/package-lock.json\\u0000?? .repo-standards/runtime/package.json\\u0000?? .repo-standards/selection.yaml\\u0000?? AGENTS.md\\u0000\",\n            \"observation\": {\n              \"files\": {\n                \"apps/amended/README.md\": {\n                  \"type\": \"file\",\n                  \"sha256\": \"b72edd666e4d2c708244bdd0ae1d57c0deeb0200398c9015179efb77d03f4ab0\",\n                  \"executable\": false\n                },\n                \"apps/old/README.md\": {\n                  \"type\": \"file\",\n                  \"sha256\": \"961e4d9b5985381d411330a903a979e425485c180cc1869cfb0a06efc145511a\",\n                  \"executable\": false\n                },\n                \"standards.yaml\": {\n                  \"type\": \"file\",\n                  \"sha256\": \"e3b0c44298fc1c149afbf4c8996fb92427ae41e4649b934ca495991b7852b855\",\n                  \"executable\": false\n                }\n              },\n              \"inventories\": {\n                \".\": [\n                  \"apps\",\n                  \"standards.yaml\"\n                ],\n                \"apps\": [\n                  \"apps/amended\",\n                  \"apps/old\"\n                ],\n                \"apps/amended\": [\n                  \"apps/amended/README.md\"\n                ],\n                \"apps/old\": [\n                  \"apps/old/README.md\"\n                ]\n              },\n              \"boundaries\": {\n                \".\": {\n                  \"type\": \"directory\",\n                  \"mode\": 448\n                },\n                \".agents\": {\n                  \"type\": \"directory\",\n                  \"mode\": 448\n                },\n                \".agents/skills\": {\n                  \"type\": \"directory\",\n                  \"mode\": 448\n                },\n                \"apps\": {\n                  \"type\": \"directory\",\n                  \"mode\": 448\n                },\n                \"apps/amended\": {\n                  \"type\": \"directory\",\n                  \"mode\": 448\n                },\n                \"apps/old\": {\n                  \"type\": \"directory\",\n                  \"mode\": 448\n                }\n              },\n              \"targets\": {},\n              \"settings\": {\n                \"core.ignorecase\": null,\n                \"core.precomposeunicode\": null,\n                \"core.filemode\": \"true\",\n                \"core.symlinks\": null,\n                \"core.sparsecheckout\": null,\n                \"core.sparsecheckoutcone\": null\n              },\n              \"ignores\": {\n                \"global\": {\n                  \"location\": \"/home/agents/.config/git/ignore\",\n                  \"state\": {\n                    \"type\": \"missing\"\n                  }\n                },\n                \"info\": {\n                  \"location\": \"/tmp/repo-standards-source-LSYWhf/.git/info/exclude\",\n                  \"state\": {\n                    \"type\": \"file\",\n                    \"sha256\": \"6671fe83b7a07c8932ee89164d1f2793b2318058eb8b98dc5c06ee0a5a3b0ec1\",\n                    \"executable\": false\n                  }\n                },\n                \".gitignore\": {\n                  \"location\": \".gitignore\",\n                  \"state\": {\n                    \"type\": \"missing\"\n                  }\n                },\n                \".agents/.gitignore\": {\n                  \"location\": \".agents/.gitignore\",\n                  \"state\": {\n                    \"type\": \"missing\"\n                  }\n                },\n                \".agents/skills/.gitignore\": {\n                  \"location\": \".agents/skills/.gitignore\",\n                  \"state\": {\n                    \"type\": \"missing\"\n                  }\n                },\n                \"apps/.gitignore\": {\n                  \"location\": \"apps/.gitignore\",\n                  \"state\": {\n                    \"type\": \"missing\"\n                  }\n                },\n                \"apps/amended/.gitignore\": {\n                  \"location\": \"apps/amended/.gitignore\",\n                  \"state\": {\n                    \"type\": \"missing\"\n                  }\n                },\n                \"apps/old/.gitignore\": {\n                  \"location\": \"apps/old/.gitignore\",\n                  \"state\": {\n                    \"type\": \"missing\"\n                  }\n                }\n              },\n              \"limits\": {\n                \"paths\": 20000,\n                \"fileBytes\": 8388608,\n                \"totalBytes\": 67108864,\n                \"depth\": 128\n              },\n              \"evidence\": [\n                {\n                  \"kind\": \"directory\",\n                  \"path\": \".\",\n                  \"identity\": \"sha256:38fd0f891e71a1dc80fa6d2fe6eb25f6a630b93b2bdb0800f85fa4e1890e9eaf\"\n                },\n                {\n                  \"kind\": \"directory\",\n                  \"path\": \"apps\",\n                  \"identity\": \"sha256:e40bd6fdde4a657042deb7f66b34934bc18a6d46eb74d58fe961354d8f93fdb2\"\n                },\n                {\n                  \"kind\": \"directory\",\n                  \"path\": \"apps/amended\",\n                  \"identity\": \"sha256:bad293a5c028229da53dd6d9320af8fa817270368004a7ec20d9427290ea1b91\"\n                },\n                {\n                  \"kind\": \"directory\",\n                  \"path\": \"apps/old\",\n                  \"identity\": \"sha256:ff7a0e5aa63de7e522bc9f639ec5331745041b0d78810599507a7a783973748b\"\n                },\n                {\n                  \"kind\": \"file\",\n                  \"path\": \"apps/amended/README.md\",\n                  \"identity\": \"sha256:eba870336227462717c80b4e0ca9145084c04be0e572b992420b8b15d51377a9\"\n                },\n                {\n                  \"kind\": \"file\",\n                  \"path\": \"apps/old/README.md\",\n                  \"identity\": \"sha256:f1bf53d4fba0fea81e79797be7ea6007c78af08b0031e898ba2b8b3b7194fd9a\"\n                },\n                {\n                  \"kind\": \"file\",\n                  \"path\": \"standards.yaml\",\n                  \"identity\": \"sha256:34ec4b9081ab3442a44f8f275c7700deca938f9d934d655a3fac0f95a249827c\"\n                }\n              ]\n            }\n          },\n          \"assessments\": []\n        }\n      ]\n    }\n  ],\n  \"observations\": [\n    {\n      \"phase\": \"agent\",\n      \"scope\": {\n        \"docs\": {\n          \"paths\": [\n            \"apps/new/README.md\"\n          ],\n          \"directories\": []\n        }\n      },\n      \"before\": {\n        \"files\": {\n          \".agents/skills/adopt-standards/SKILL.md\": {\n            \"type\": \"file\",\n            \"sha256\": \"6508d7acca0ced142bb198b85b8fd194d71901b35bb865f21e4ea9c3ea52fd54\",\n            \"executable\": false\n          },\n          \"AGENTS.md\": {\n            \"type\": \"file\",\n            \"sha256\": \"0c1116331d2e29d508131a934726e3c5c2ce2b212ce56fe5db1868ee9e60a7c0\",\n            \"executable\": false\n          },\n          \"apps/amended/README.md\": {\n            \"type\": \"file\",\n            \"sha256\": \"b72edd666e4d2c708244bdd0ae1d57c0deeb0200398c9015179efb77d03f4ab0\",\n            \"executable\": false\n          },\n          \"apps/new/README.md\": {\n            \"type\": \"file\",\n            \"sha256\": \"46ce5a50190f80e4470f4e06cce09fc10ef1ee52b04c5f658da257adec7c2cbe\",\n            \"executable\": false\n          },\n          \"apps/old/README.md\": {\n            \"type\": \"file\",\n            \"sha256\": \"961e4d9b5985381d411330a903a979e425485c180cc1869cfb0a06efc145511a\",\n            \"executable\": false\n          },\n          \"standards.yaml\": {\n            \"type\": \"file\",\n            \"sha256\": \"e3b0c44298fc1c149afbf4c8996fb92427ae41e4649b934ca495991b7852b855\",\n            \"executable\": false\n          }\n        },\n        \"boundaries\": {\n          \".\": {\n            \"type\": \"directory\",\n            \"mode\": 448\n          },\n          \".agents\": {\n            \"type\": \"directory\",\n            \"mode\": 448\n          },\n          \".agents/skills\": {\n            \"type\": \"directory\",\n            \"mode\": 448\n          },\n          \".agents/skills/adopt-standards\": {\n            \"type\": \"directory\",\n            \"mode\": 448\n          },\n          \"apps\": {\n            \"type\": \"directory\",\n            \"mode\": 448\n          },\n          \"apps/amended\": {\n            \"type\": \"directory\",\n            \"mode\": 448\n          },\n          \"apps/new\": {\n            \"type\": \"directory\",\n            \"mode\": 448\n          },\n          \"apps/old\": {\n            \"type\": \"directory\",\n            \"mode\": 448\n          }\n        },\n        \"settings\": {\n          \"core.ignorecase\": null,\n          \"core.precomposeunicode\": null,\n          \"core.filemode\": \"true\",\n          \"core.symlinks\": null,\n          \"core.sparsecheckout\": null,\n          \"core.sparsecheckoutcone\": null\n        },\n        \"ignores\": {\n          \"global\": {\n            \"location\": \"/home/agents/.config/git/ignore\",\n            \"state\": {\n              \"type\": \"missing\"\n            }\n          },\n          \"info\": {\n            \"location\": \"/tmp/repo-standards-source-LSYWhf/.git/info/exclude\",\n            \"state\": {\n              \"type\": \"file\",\n              \"sha256\": \"6671fe83b7a07c8932ee89164d1f2793b2318058eb8b98dc5c06ee0a5a3b0ec1\",\n              \"executable\": false\n            }\n          },\n          \".gitignore\": {\n            \"location\": \".gitignore\",\n            \"state\": {\n              \"type\": \"missing\"\n            }\n          },\n          \".agents/.gitignore\": {\n            \"location\": \".agents/.gitignore\",\n            \"state\": {\n              \"type\": \"missing\"\n            }\n          },\n          \".agents/skills/.gitignore\": {\n            \"location\": \".agents/skills/.gitignore\",\n            \"state\": {\n              \"type\": \"missing\"\n            }\n          },\n          \".agents/skills/adopt-standards/.gitignore\": {\n            \"location\": \".agents/skills/adopt-standards/.gitignore\",\n            \"state\": {\n              \"type\": \"missing\"\n            }\n          },\n          \"apps/.gitignore\": {\n            \"location\": \"apps/.gitignore\",\n            \"state\": {\n              \"type\": \"missing\"\n            }\n          },\n          \"apps/amended/.gitignore\": {\n            \"location\": \"apps/amended/.gitignore\",\n            \"state\": {\n              \"type\": \"missing\"\n            }\n          },\n          \"apps/new/.gitignore\": {\n            \"location\": \"apps/new/.gitignore\",\n            \"state\": {\n              \"type\": \"missing\"\n            }\n          },\n          \"apps/old/.gitignore\": {\n            \"location\": \"apps/old/.gitignore\",\n            \"state\": {\n              \"type\": \"missing\"\n            }\n          }\n        }\n      },\n      \"after\": {\n        \"files\": {\n          \".agents/skills/adopt-standards/SKILL.md\": {\n            \"type\": \"file\",\n            \"sha256\": \"6508d7acca0ced142bb198b85b8fd194d71901b35bb865f21e4ea9c3ea52fd54\",\n            \"executable\": false\n          },\n          \"AGENTS.md\": {\n            \"type\": \"file\",\n            \"sha256\": \"0c1116331d2e29d508131a934726e3c5c2ce2b212ce56fe5db1868ee9e60a7c0\",\n            \"executable\": false\n          },\n          \"apps/amended/README.md\": {\n            \"type\": \"file\",\n            \"sha256\": \"b72edd666e4d2c708244bdd0ae1d57c0deeb0200398c9015179efb77d03f4ab0\",\n            \"executable\": false\n          },\n          \"apps/new/README.md\": {\n            \"type\": \"file\",\n            \"sha256\": \"46ce5a50190f80e4470f4e06cce09fc10ef1ee52b04c5f658da257adec7c2cbe\",\n            \"executable\": false\n          },\n          \"apps/old/README.md\": {\n            \"type\": \"file\",\n            \"sha256\": \"961e4d9b5985381d411330a903a979e425485c180cc1869cfb0a06efc145511a\",\n            \"executable\": false\n          },\n          \"standards.yaml\": {\n            \"type\": \"file\",\n            \"sha256\": \"e3b0c44298fc1c149afbf4c8996fb92427ae41e4649b934ca495991b7852b855\",\n            \"executable\": false\n          }\n        },\n        \"boundaries\": {\n          \".\": {\n            \"type\": \"directory\",\n            \"mode\": 448\n          },\n          \".agents\": {\n            \"type\": \"directory\",\n            \"mode\": 448\n          },\n          \".agents/skills\": {\n            \"type\": \"directory\",\n            \"mode\": 448\n          },\n          \".agents/skills/adopt-standards\": {\n            \"type\": \"directory\",\n            \"mode\": 448\n          },\n          \"apps\": {\n            \"type\": \"directory\",\n            \"mode\": 448\n          },\n          \"apps/amended\": {\n            \"type\": \"directory\",\n            \"mode\": 448\n          },\n          \"apps/new\": {\n            \"type\": \"directory\",\n            \"mode\": 448\n          },\n          \"apps/old\": {\n            \"type\": \"directory\",\n            \"mode\": 448\n          }\n        },\n        \"settings\": {\n          \"core.ignorecase\": null,\n          \"core.precomposeunicode\": null,\n          \"core.filemode\": \"true\",\n          \"core.symlinks\": null,\n          \"core.sparsecheckout\": null,\n          \"core.sparsecheckoutcone\": null\n        },\n        \"ignores\": {\n          \"global\": {\n            \"location\": \"/home/agents/.config/git/ignore\",\n            \"state\": {\n              \"type\": \"missing\"\n            }\n          },\n          \"info\": {\n            \"location\": \"/tmp/repo-standards-source-LSYWhf/.git/info/exclude\",\n            \"state\": {\n              \"type\": \"file\",\n              \"sha256\": \"6671fe83b7a07c8932ee89164d1f2793b2318058eb8b98dc5c06ee0a5a3b0ec1\",\n              \"executable\": false\n            }\n          },\n          \".gitignore\": {\n            \"location\": \".gitignore\",\n            \"state\": {\n              \"type\": \"missing\"\n            }\n          },\n          \".agents/.gitignore\": {\n            \"location\": \".agents/.gitignore\",\n            \"state\": {\n              \"type\": \"missing\"\n            }\n          },\n          \".agents/skills/.gitignore\": {\n            \"location\": \".agents/skills/.gitignore\",\n            \"state\": {\n              \"type\": \"missing\"\n            }\n          },\n          \".agents/skills/adopt-standards/.gitignore\": {\n            \"location\": \".agents/skills/adopt-standards/.gitignore\",\n            \"state\": {\n              \"type\": \"missing\"\n            }\n          },\n          \"apps/.gitignore\": {\n            \"location\": \"apps/.gitignore\",\n            \"state\": {\n              \"type\": \"missing\"\n            }\n          },\n          \"apps/amended/.gitignore\": {\n            \"location\": \"apps/amended/.gitignore\",\n            \"state\": {\n              \"type\": \"missing\"\n            }\n          },\n          \"apps/new/.gitignore\": {\n            \"location\": \"apps/new/.gitignore\",\n            \"state\": {\n              \"type\": \"missing\"\n            }\n          },\n          \"apps/old/.gitignore\": {\n            \"location\": \"apps/old/.gitignore\",\n            \"state\": {\n              \"type\": \"missing\"\n            }\n          }\n        }\n      },\n      \"changedPaths\": [],\n      \"boundaryChanges\": [],\n      \"violations\": []\n    },\n    {\n      \"phase\": \"agent\",\n      \"scope\": {\n        \"docs\": {\n          \"paths\": [\n            \"apps/new/README.md\"\n          ],\n          \"directories\": []\n        }\n      },\n      \"before\": {\n        \"files\": {\n          \".agents/skills/adopt-standards/SKILL.md\": {\n            \"type\": \"file\",\n            \"sha256\": \"6508d7acca0ced142bb198b85b8fd194d71901b35bb865f21e4ea9c3ea52fd54\",\n            \"executable\": false\n          },\n          \"AGENTS.md\": {\n            \"type\": \"file\",\n            \"sha256\": \"0c1116331d2e29d508131a934726e3c5c2ce2b212ce56fe5db1868ee9e60a7c0\",\n            \"executable\": false\n          },\n          \"apps/amended/README.md\": {\n            \"type\": \"file\",\n            \"sha256\": \"b72edd666e4d2c708244bdd0ae1d57c0deeb0200398c9015179efb77d03f4ab0\",\n            \"executable\": false\n          },\n          \"apps/new/README.md\": {\n            \"type\": \"file\",\n            \"sha256\": \"46ce5a50190f80e4470f4e06cce09fc10ef1ee52b04c5f658da257adec7c2cbe\",\n            \"executable\": false\n          },\n          \"apps/old/README.md\": {\n            \"type\": \"file\",\n            \"sha256\": \"961e4d9b5985381d411330a903a979e425485c180cc1869cfb0a06efc145511a\",\n            \"executable\": false\n          },\n          \"standards.yaml\": {\n            \"type\": \"file\",\n            \"sha256\": \"e3b0c44298fc1c149afbf4c8996fb92427ae41e4649b934ca495991b7852b855\",\n            \"executable\": false\n          }\n        },\n        \"boundaries\": {\n          \".\": {\n            \"type\": \"directory\",\n            \"mode\": 448\n          },\n          \".agents\": {\n            \"type\": \"directory\",\n            \"mode\": 448\n          },\n          \".agents/skills\": {\n            \"type\": \"directory\",\n            \"mode\": 448\n          },\n          \".agents/skills/adopt-standards\": {\n            \"type\": \"directory\",\n            \"mode\": 448\n          },\n          \"apps\": {\n            \"type\": \"directory\",\n            \"mode\": 448\n          },\n          \"apps/amended\": {\n            \"type\": \"directory\",\n            \"mode\": 448\n          },\n          \"apps/new\": {\n            \"type\": \"directory\",\n            \"mode\": 448\n          },\n          \"apps/old\": {\n            \"type\": \"directory\",\n            \"mode\": 448\n          }\n        },\n        \"settings\": {\n          \"core.ignorecase\": null,\n          \"core.precomposeunicode\": null,\n          \"core.filemode\": \"true\",\n          \"core.symlinks\": null,\n          \"core.sparsecheckout\": null,\n          \"core.sparsecheckoutcone\": null\n        },\n        \"ignores\": {\n          \"global\": {\n            \"location\": \"/home/agents/.config/git/ignore\",\n            \"state\": {\n              \"type\": \"missing\"\n            }\n          },\n          \"info\": {\n            \"location\": \"/tmp/repo-standards-source-LSYWhf/.git/info/exclude\",\n            \"state\": {\n              \"type\": \"file\",\n              \"sha256\": \"6671fe83b7a07c8932ee89164d1f2793b2318058eb8b98dc5c06ee0a5a3b0ec1\",\n              \"executable\": false\n            }\n          },\n          \".gitignore\": {\n            \"location\": \".gitignore\",\n            \"state\": {\n              \"type\": \"missing\"\n            }\n          },\n          \".agents/.gitignore\": {\n            \"location\": \".agents/.gitignore\",\n            \"state\": {\n              \"type\": \"missing\"\n            }\n          },\n          \".agents/skills/.gitignore\": {\n            \"location\": \".agents/skills/.gitignore\",\n            \"state\": {\n              \"type\": \"missing\"\n            }\n          },\n          \".agents/skills/adopt-standards/.gitignore\": {\n            \"location\": \".agents/skills/adopt-standards/.gitignore\",\n            \"state\": {\n              \"type\": \"missing\"\n            }\n          },\n          \"apps/.gitignore\": {\n            \"location\": \"apps/.gitignore\",\n            \"state\": {\n              \"type\": \"missing\"\n            }\n          },\n          \"apps/amended/.gitignore\": {\n            \"location\": \"apps/amended/.gitignore\",\n            \"state\": {\n              \"type\": \"missing\"\n            }\n          },\n          \"apps/new/.gitignore\": {\n            \"location\": \"apps/new/.gitignore\",\n            \"state\": {\n              \"type\": \"missing\"\n            }\n          },\n          \"apps/old/.gitignore\": {\n            \"location\": \"apps/old/.gitignore\",\n            \"state\": {\n              \"type\": \"missing\"\n            }\n          }\n        }\n      },\n      \"after\": {\n        \"files\": {\n          \".agents/skills/adopt-standards/SKILL.md\": {\n            \"type\": \"file\",\n            \"sha256\": \"6508d7acca0ced142bb198b85b8fd194d71901b35bb865f21e4ea9c3ea52fd54\",\n            \"executable\": false\n          },\n          \"AGENTS.md\": {\n            \"type\": \"file\",\n            \"sha256\": \"0c1116331d2e29d508131a934726e3c5c2ce2b212ce56fe5db1868ee9e60a7c0\",\n            \"executable\": false\n          },\n          \"apps/amended/README.md\": {\n            \"type\": \"file\",\n            \"sha256\": \"b72edd666e4d2c708244bdd0ae1d57c0deeb0200398c9015179efb77d03f4ab0\",\n            \"executable\": false\n          },\n          \"apps/new/README.md\": {\n            \"type\": \"file\",\n            \"sha256\": \"46ce5a50190f80e4470f4e06cce09fc10ef1ee52b04c5f658da257adec7c2cbe\",\n            \"executable\": false\n          },\n          \"apps/old/README.md\": {\n            \"type\": \"file\",\n            \"sha256\": \"961e4d9b5985381d411330a903a979e425485c180cc1869cfb0a06efc145511a\",\n            \"executable\": false\n          },\n          \"standards.yaml\": {\n            \"type\": \"file\",\n            \"sha256\": \"e3b0c44298fc1c149afbf4c8996fb92427ae41e4649b934ca495991b7852b855\",\n            \"executable\": false\n          }\n        },\n        \"boundaries\": {\n          \".\": {\n            \"type\": \"directory\",\n            \"mode\": 448\n          },\n          \".agents\": {\n            \"type\": \"directory\",\n            \"mode\": 448\n          },\n          \".agents/skills\": {\n            \"type\": \"directory\",\n            \"mode\": 448\n          },\n          \".agents/skills/adopt-standards\": {\n            \"type\": \"directory\",\n            \"mode\": 448\n          },\n          \"apps\": {\n            \"type\": \"directory\",\n            \"mode\": 448\n          },\n          \"apps/amended\": {\n            \"type\": \"directory\",\n            \"mode\": 448\n          },\n          \"apps/new\": {\n            \"type\": \"directory\",\n            \"mode\": 448\n          },\n          \"apps/old\": {\n            \"type\": \"directory\",\n            \"mode\": 448\n          }\n        },\n        \"settings\": {\n          \"core.ignorecase\": null,\n          \"core.precomposeunicode\": null,\n          \"core.filemode\": \"true\",\n          \"core.symlinks\": null,\n          \"core.sparsecheckout\": null,\n          \"core.sparsecheckoutcone\": null\n        },\n        \"ignores\": {\n          \"global\": {\n            \"location\": \"/home/agents/.config/git/ignore\",\n            \"state\": {\n              \"type\": \"missing\"\n            }\n          },\n          \"info\": {\n            \"location\": \"/tmp/repo-standards-source-LSYWhf/.git/info/exclude\",\n            \"state\": {\n              \"type\": \"file\",\n              \"sha256\": \"6671fe83b7a07c8932ee89164d1f2793b2318058eb8b98dc5c06ee0a5a3b0ec1\",\n              \"executable\": false\n            }\n          },\n          \".gitignore\": {\n            \"location\": \".gitignore\",\n            \"state\": {\n              \"type\": \"missing\"\n            }\n          },\n          \".agents/.gitignore\": {\n            \"location\": \".agents/.gitignore\",\n            \"state\": {\n              \"type\": \"missing\"\n            }\n          },\n          \".agents/skills/.gitignore\": {\n            \"location\": \".agents/skills/.gitignore\",\n            \"state\": {\n              \"type\": \"missing\"\n            }\n          },\n          \".agents/skills/adopt-standards/.gitignore\": {\n            \"location\": \".agents/skills/adopt-standards/.gitignore\",\n            \"state\": {\n              \"type\": \"missing\"\n            }\n          },\n          \"apps/.gitignore\": {\n            \"location\": \"apps/.gitignore\",\n            \"state\": {\n              \"type\": \"missing\"\n            }\n          },\n          \"apps/amended/.gitignore\": {\n            \"location\": \"apps/amended/.gitignore\",\n            \"state\": {\n              \"type\": \"missing\"\n            }\n          },\n          \"apps/new/.gitignore\": {\n            \"location\": \"apps/new/.gitignore\",\n            \"state\": {\n              \"type\": \"missing\"\n            }\n          },\n          \"apps/old/.gitignore\": {\n            \"location\": \"apps/old/.gitignore\",\n            \"state\": {\n              \"type\": \"missing\"\n            }\n          }\n        }\n      },\n      \"changedPaths\": [],\n      \"boundaryChanges\": [],\n      \"violations\": []\n    }\n  ],\n  \"operations\": [],\n  \"retryHistory\": [],\n  \"lastComplete\": {\n    \"run\": \"6d49b398-fa15-4697-a709-49bdce887608\",\n    \"inspection\": \"sha256:fa120d203b709eff18687cf045ac966a186d0cff618960d02ed9e903821dbdc2\",\n    \"completedAt\": \"2026-09-14T08:21:15.729Z\",\n    \"head\": \"c6070ba928b82d8dc7bd59e1f1519b75106e416a\"\n  },\n  \"baselines\": {\n    \"AGENTS.md\": {\n      \"sha256\": \"0c1116331d2e29d508131a934726e3c5c2ce2b212ce56fe5db1868ee9e60a7c0\",\n      \"executable\": false\n    },\n    \".agents/skills/adopt-standards/SKILL.md\": {\n      \"sha256\": \"6508d7acca0ced142bb198b85b8fd194d71901b35bb865f21e4ea9c3ea52fd54\",\n      \"executable\": false\n    }\n  },\n  \"skills\": {\n    \".agents/skills/adopt-standards\": [\n      \"SKILL.md\"\n    ]\n  },\n  \"checks\": [],\n  \"assessments\": [\n    {\n      \"format\": \"repo-standards/assessment/v2\",\n      \"run\": \"6d49b398-fa15-4697-a709-49bdce887608\",\n      \"selection\": \"sha256:4902d1721e9f22ae99b4f045163123a05b11f14a678fb46daff5dde2b3509830\",\n      \"snapshot\": \"sha256:43bd4627f700f1867b37676e8c06b482b3d441e26c7fca9e50e7d7e9e0afb171\",\n      \"scope\": {\n        \"inspection\": \"sha256:fa120d203b709eff18687cf045ac966a186d0cff618960d02ed9e903821dbdc2\",\n        \"afterFixes\": \"sha256:43bd4627f700f1867b37676e8c06b482b3d441e26c7fca9e50e7d7e9e0afb171\"\n      },\n      \"declarations\": [\n        {\n          \"id\": \"docs\",\n          \"status\": \"satisfied\",\n          \"explanation\": \"The existing README content satisfies the focused fixture guidance.\",\n          \"changedPaths\": [],\n          \"evidence\": [\n            \"Reviewed every confirmed README without changing project content.\"\n          ],\n          \"scopeValidity\": {\n            \"afterFixes\": {\n              \"status\": \"valid\",\n              \"explanation\": \"The confirmed projects still match the discovery criteria.\",\n              \"evidence\": [\n                \"Reviewed every confirmed project README.\"\n              ],\n              \"additionalPaths\": []\n            },\n            \"current\": {\n              \"status\": \"valid\",\n              \"explanation\": \"The confirmed projects still match the discovery criteria.\",\n              \"evidence\": [\n                \"Reviewed every confirmed project README.\"\n              ],\n              \"additionalPaths\": []\n            }\n          }\n        }\n      ]\n    }\n  ]\n}\n"
    },
    "lock": {
      "sha256": "5a36c59f246c699effb0a10ef2f549e37b17babfe2ad6896ec45de8a8a26f9db",
      "executable": false,
      "encoding": "utf8",
      "content": "{\n  \"format\": \"repo-standards/lock/v1\",\n  \"selection\": {\n    \"cli\": {\n      \"package\": \"@lutzseverino/repo-standards\",\n      \"version\": \"1.2.1\"\n    },\n    \"standards\": {\n      \"repository\": \"https://github.com/alice/standards\",\n      \"version\": \"v1.0.0\",\n      \"commit\": \"c9dea004eebff677f316adffcc2b19cc561e8f15\"\n    },\n    \"profile\": \"work\"\n  },\n  \"inspection\": \"sha256:fa120d203b709eff18687cf045ac966a186d0cff618960d02ed9e903821dbdc2\",\n  \"files\": {\n    \"AGENTS.md\": {\n      \"sha256\": \"0c1116331d2e29d508131a934726e3c5c2ce2b212ce56fe5db1868ee9e60a7c0\",\n      \"executable\": false\n    },\n    \".agents/skills/adopt-standards/SKILL.md\": {\n      \"sha256\": \"6508d7acca0ced142bb198b85b8fd194d71901b35bb865f21e4ea9c3ea52fd54\",\n      \"executable\": false\n    },\n    \".repo-standards/inputs/source/guidance.md\": {\n      \"sha256\": \"4ee3889152fe28c2ed5e93324a63d793bb4405a7a6dd998e82a11e021950f10f\",\n      \"executable\": false\n    },\n    \".repo-standards/inputs/source/discovery.md\": {\n      \"sha256\": \"817ffa990eea24744a850d52f02391db88cc2a8c54d3d70b7c2aa8503c9b71df\",\n      \"executable\": false\n    },\n    \".repo-standards/inputs/source/agents.md\": {\n      \"sha256\": \"0c1116331d2e29d508131a934726e3c5c2ce2b212ce56fe5db1868ee9e60a7c0\",\n      \"executable\": false\n    },\n    \".repo-standards/inputs/standards.yaml\": {\n      \"sha256\": \"9b8bbdb9b431038246853fe01eb8c9ce4469ec8db7f5828b5be3603cebe20742\",\n      \"executable\": false\n    },\n    \".repo-standards/inputs/metadata.json\": {\n      \"sha256\": \"d5ee0879b337c04ad298af42c95b06923a6c38a8ebf56111336582df3b90abe2\",\n      \"executable\": false\n    },\n    \".repo-standards/inputs/resolved.json\": {\n      \"sha256\": \"8b5f358758052b9e11a767b1638676a00f273bf25ad5dccd6f295f14f253a1bd\",\n      \"executable\": false\n    },\n    \".repo-standards/inputs/scope-history.json\": {\n      \"sha256\": \"a39e98480065021422a2c2a368e8fa6410e66868f5cf213b52b49ec5c29ffae5\",\n      \"executable\": false\n    },\n    \".repo-standards/selection.yaml\": {\n      \"sha256\": \"7424a41a13564fead0c2fe35dfe53c2dbf2cf534cc08f32c157dfb0410296326\",\n      \"executable\": false\n    },\n    \".repo-standards/.gitignore\": {\n      \"sha256\": \"c458b2b2b042dcd6ca054ac2da03c35671ea811e22cba717673689cbe5ad098d\",\n      \"executable\": false\n    },\n    \".repo-standards/runtime/package.json\": {\n      \"sha256\": \"d87db1936cf3e526754a35722ab26d35e4c0316f8d6b35a4734ecd485d812a6c\",\n      \"executable\": false\n    },\n    \".repo-standards/runtime/package-lock.json\": {\n      \"sha256\": \"c307f3f90f8f8914ddbbcb2cf8a0ea06cff4ba74ada7cff27732a0dd98d57d58\",\n      \"executable\": false\n    }\n  },\n  \"state\": {\n    \"sha256\": \"49b7ac62fee92f7bcedf6d0a65d08ab7db1ff5fce09ae6ac1cbec3c15663d549\",\n    \"executable\": false\n  }\n}\n"
    }
  }
}
